date,jd,chat,zoom,inperson,email,phone,libanswers,walkup,,,,,,,,,,,,,,,,,,,,,,,,,,,,,,,,,,,,
1/1/2020,1,10,33,76,76,33,58,,,,,,,,,,,,,,,,,,,,,,,,,,,,,,,,,,,,,
1/2/2020,2,2,47,97,97,47,75,,,,,,,,,,,,,,,,,,,,,,,,,,,,,,,,,,,,,
1/3/2020,3,12,41,97,97,41,69,,,,,,,,,,,,,,,,,,,,,,,,,,,,,,,,,,,,,
1/4/2020,4,6,40,78,78,40,59,,,,,,,,,,,,,,,,,,,,,,,,,,,,,,,,,,,,,
1/5/2020,5,3,45,97,97,45,77,,,,,,,,,,,,,,,,,,,,,,,,,,,,,,,,,,,,,
1/6/2020,6,10,38,88,88,38,65,,,,,,,,,,,,,,,,,,,,,,,,,,,,,,,,,,,,,
1/7/2020,7,2,77,100,100,77,97,,,,,,,,,,,,,,,,,,,,,,,,,,,,,,,,,,,,,
1/8/2020,8,8,76,100,100,76,93,,,,,,,,,,,,,,,,,,,,,,,,,,,,,,,,,,,,,
1/9/2020,9,9,63,89,89,63,78,,,,,,,,,,,,,,,,,,,,,,,,,,,,,,,,,,,,,
1/10/2020,10,12,54,92,92,54,77,,,,,,,,,,,,,,,,,,,,,,,,,,,,,,,,,,,,,
1/11/2020,11,22,91,96,96,91,94,,,,,,,,,,,,,,,,,,,,,,,,,,,,,,,,,,,,,
1/12/2020,12,0,90,95,95,90,93,,,,,,,,,,,,,,,,,,,,,,,,,,,,,,,,,,,,,
1/13/2020,13,2,78,94,94,78,89,,,,,,,,,,,,,,,,,,,,,,,,,,,,,,,,,,,,,
1/14/2020,14,34,35,96,96,35,56,,,,,,,,,,,,,,,,,,,,,,,,,,,,,,,,,,,,,
1/15/2020,15,2,32,81,81,32,60,,,,,,,,,,,,,,,,,,,,,,,,,,,,,,,,,,,,,
1/16/2020,16,2,37,85,85,37,63,,,,,,,,,,,,,,,,,,,,,,,,,,,,,,,,,,,,,
1/17/2020,17,5,33,77,77,33,56,,,,,,,,,,,,,,,,,,,,,,,,,,,,,,,,,,,,,
1/18/2020,18,3,66,95,95,66,90,,,,,,,,,,,,,,,,,,,,,,,,,,,,,,,,,,,,,
1/19/2020,19,5,84,96,96,84,93,,,,,,,,,,,,,,,,,,,,,,,,,,,,,,,,,,,,,
1/20/2020,20,45,57,94,94,57,81,,,,,,,,,,,,,,,,,,,,,,,,,,,,,,,,,,,,,
1/21/2020,21,-11.4,42,91,91,42,71,,,,,,,,,,,,,,,,,,,,,,,,,,,,,,,,,,,,,
1/22/2020,22,-5.9,54,78,78,54,69,,,,,,,,,,,,,,,,,,,,,,,,,,,,,,,,,,,,,
1/23/2020,23,-0.8,49,81,81,49,69,,,,,,,,,,,,,,,,,,,,,,,,,,,,,,,,,,,,,
1/24/2020,24,-5.6,33,84,84,33,56,,,,,,,,,,,,,,,,,,,,,,,,,,,,,,,,,,,,,
1/25/2020,25,-12.8,35,81,81,35,58,,,,,,,,,,,,,,,,,,,,,,,,,,,,,,,,,,,,,
1/26/2020,26,-10.9,36,81,81,36,59,,,,,,,,,,,,,,,,,,,,,,,,,,,,,,,,,,,,,
1/27/2020,27,-8.6,33,74,74,33,56,,,,,,,,,,,,,,,,,,,,,,,,,,,,,,,,,,,,,
1/28/2020,28,-5.1,50,100,100,50,89,,,,,,,,,,,,,,,,,,,,,,,,,,,,,,,,,,,,,
1/29/2020,29,-6,81,100,100,81,94,,,,,,,,,,,,,,,,,,,,,,,,,,,,,,,,,,,,,
1/30/2020,30,-6.5,77,97,97,77,91,,,,,,,,,,,,,,,,,,,,,,,,,,,,,,,,,,,,,
1/31/2009,31,-9.8,43,97,97,43,74,,,97,,43,,-13.8,,-6.5,,-18.3,,0.3,,10.4,,20.5,,-19.7,,1005,,1.8,,1.6,,276,,27,,12.8,,1.6,,1.7,,1.6
,,,,,,,,,,,,,,,,,,,,,,,,,,,,,,,,,,,,,,,,,,,,
,,,,,,,,,,,,,,,,,,,,,,,,,,,,,,,,,,,,,,,,,,,,
,,,,,,,,,,,,,,,,,,,,,,,,,,,,,,,,,,,,,,,,,,,,
,,,,,,,,,,,,,,,,,,,,,,,,,,,,,,,,,,,,,,,,,,,,
,,,,,,,,,,,,,,,,,,,,,,,,,,,,,,,,,,,,,,,,,,,,
,,,,,,,,,,,,,,,,,,,,,,,,,,,,,,,,,,,,,,,,,,,,
,,,,,,,,,,,,,,,,,,,,,,,,,,,,,,,,,,,,,,,,,,,,
,,,,,,,,,,,,,,,,,,,,,,,,,,,,,,,,,,,,,,,,,,,,
,,,,,,,,,,,,,,,,,,,,,,,,,,,,,,,,,,,,,,,,,,,,
,,,,,,,,,,,,,,,,,,,,,,,,,,,,,,,,,,,,,,,,,,,,
,,,,,,,,,,,,,,,,,,,,,,,,,,,,,,,,,,,,,,,,,,,,
,,,,,,,,,,,,,,,,,,,,,,,,,,,,,,,,,,,,,,,,,,,,
,,,,,,,,,,,,,,,,,,,,,,,,,,,,,,,,,,,,,,,,,,,,
,,,,,,,,,,,,,,,,,,,,,,,,,,,,,,,,,,,,,,,,,,,,
,,,,,,,,,,,,,,,,,,,,,,,,,,,,,,,,,,,,,,,,,,,,
,,,,,,,,,,,,,,,,,,,,,,,,,,,,,,,,,,,,,,,,,,,,
,,,,,,,,,,,,,,,,,,,,,,,,,,,,,,,,,,,,,,,,,,,,
,,,,,,,,,,,,,,,,,,,,,,,,,,,,,,,,,,,,,,,,,,,,
,,,,,,,,,,,,,,,,,,,,,,,,,,,,,,,,,,,,,,,,,,,,
,,,,,,,,,,,,,,,,,,,,,,,,,,,,,,,,,,,,,,,,,,,,
,,,,,,,,,,,,,,,,,,,,,,,,,,,,,,,,,,,,,,,,,,,,
,,,,,,,,,,,,,,,,,,,,,,,,,,,,,,,,,,,,,,,,,,,,
,,,,,,,,,,,,,,,,,,,,,,,,,,,,,,,,,,,,,,,,,,,,
,,,,,,,,,,,,,,,,,,,,,,,,,,,,,,,,,,,,,,,,,,,,
,,,,,,,,,,,,,,,,,,,,,,,,,,,,,,,,,,,,,,,,,,,,
,,,,,,,,,,,,,,,,,,,,,,,,,,,,,,,,,,,,,,,,,,,,
,,,,,,,,,,,,,,,,,,,,,,,,,,,,,,,,,,,,,,,,,,,,
,,,,,,,,,,,,,,,,,,,,,,,,,,,,,,,,,,,,,,,,,,,,
,,,,,,,,,,,,,,,,,,,,,,,,,,,,,,,,,,,,,,,,,,,,
,,,,,,,,,,,,,,,,,,,,,,,,,,,,,,,,,,,,,,,,,,,,
,,,,,,,,,,,,,,,,,,,,,,,,,,,,,,,,,,,,,,,,,,,,
,,,,,,,,,,,,,,,,,,,,,,,,,,,,,,,,,,,,,,,,,,,,
,,,,,,,,,,,,,,,,,,,,,,,,,,,,,,,,,,,,,,,,,,,,
,,,,,,,,,,,,,,,,,,,,,,,,,,,,,,,,,,,,,,,,,,,,
,,,,,,,,,,,,,,,,,,,,,,,,,,,,,,,,,,,,,,,,,,,,
,,,,,,,,,,,,,,,,,,,,,,,,,,,,,,,,,,,,,,,,,,,,
,,,,,,,,,,,,,,,,,,,,,,,,,,,,,,,,,,,,,,,,,,,,
,,,,,,,,,,,,,,,,,,,,,,,,,,,,,,,,,,,,,,,,,,,,
,,,,,,,,,,,,,,,,,,,,,,,,,,,,,,,,,,,,,,,,,,,,
,,,,,,,,,,,,,,,,,,,,,,,,,,,,,,,,,,,,,,,,,,,,
,,,,,,,,,,,,,,,,,,,,,,,,,,,,,,,,,,,,,,,,,,,,
,,,,,,,,,,,,,,,,,,,,,,,,,,,,,,,,,,,,,,,,,,,,
,,,,,,,,,,,,,,,,,,,,,,,,,,,,,,,,,,,,,,,,,,,,
,,,,,,,,,,,,,,,,,,,,,,,,,,,,,,,,,,,,,,,,,,,,
,,,,,,,,,,,,,,,,,,,,,,,,,,,,,,,,,,,,,,,,,,,,
,,,,,,,,,,,,,,,,,,,,,,,,,,,,,,,,,,,,,,,,,,,,
,,,,,,,,,,,,,,,,,,,,,,,,,,,,,,,,,,,,,,,,,,,,
,,,,,,,,,,,,,,,,,,,,,,,,,,,,,,,,,,,,,,,,,,,,
,,,,,,,,,,,,,,,,,,,,,,,,,,,,,,,,,,,,,,,,,,,,
,,,,,,,,,,,,,,,,,,,,,,,,,,,,,,,,,,,,,,,,,,,,
,,,,,,,,,,,,,,,,,,,,,,,,,,,,,,,,,,,,,,,,,,,,
,,,,,,,,,,,,,,,,,,,,,,,,,,,,,,,,,,,,,,,,,,,,
,,,,,,,,,,,,,,,,,,,,,,,,,,,,,,,,,,,,,,,,,,,,
,,,,,,,,,,,,,,,,,,,,,,,,,,,,,,,,,,,,,,,,,,,,
,,,,,,,,,,,,,,,,,,,,,,,,,,,,,,,,,,,,,,,,,,,,
,,,,,,,,,,,,,,,,,,,,,,,,,,,,,,,,,,,,,,,,,,,,
,,,,,,,,,,,,,,,,,,,,,,,,,,,,,,,,,,,,,,,,,,,,
,,,,,,,,,,,,,,,,,,,,,,,,,,,,,,,,,,,,,,,,,,,,
,,,,,,,,,,,,,,,,,,,,,,,,,,,,,,,,,,,,,,,,,,,,
,,,,,,,,,,,,,,,,,,,,,,,,,,,,,,,,,,,,,,,,,,,,
,,,,,,,,,,,,,,,,,,,,,,,,,,,,,,,,,,,,,,,,,,,,
,,,,,,,,,,,,,,,,,,,,,,,,,,,,,,,,,,,,,,,,,,,,
,,,,,,,,,,,,,,,,,,,,,,,,,,,,,,,,,,,,,,,,,,,,
,,,,,,,,,,,,,,,,,,,,,,,,,,,,,,,,,,,,,,,,,,,,
,,,,,,,,,,,,,,,,,,,,,,,,,,,,,,,,,,,,,,,,,,,,
,,,,,,,,,,,,,,,,,,,,,,,,,,,,,,,,,,,,,,,,,,,,
,,,,,,,,,,,,,,,,,,,,,,,,,,,,,,,,,,,,,,,,,,,,
,,,,,,,,,,,,,,,,,,,,,,,,,,,,,,,,,,,,,,,,,,,,
,,,,,,,,,,,,,,,,,,,,,,,,,,,,,,,,,,,,,,,,,,,,
,,,,,,,,,,,,,,,,,,,,,,,,,,,,,,,,,,,,,,,,,,,,
,,,,,,,,,,,,,,,,,,,,,,,,,,,,,,,,,,,,,,,,,,,,
,,,,,,,,,,,,,,,,,,,,,,,,,,,,,,,,,,,,,,,,,,,,
,,,,,,,,,,,,,,,,,,,,,,,,,,,,,,,,,,,,,,,,,,,,
,,,,,,,,,,,,,,,,,,,,,,,,,,,,,,,,,,,,,,,,,,,,
,,,,,,,,,,,,,,,,,,,,,,,,,,,,,,,,,,,,,,,,,,,,
,,,,,,,,,,,,,,,,,,,,,,,,,,,,,,,,,,,,,,,,,,,,
,,,,,,,,,,,,,,,,,,,,,,,,,,,,,,,,,,,,,,,,,,,,
,,,,,,,,,,,,,,,,,,,,,,,,,,,,,,,,,,,,,,,,,,,,
,,,,,,,,,,,,,,,,,,,,,,,,,,,,,,,,,,,,,,,,,,,,
,,,,,,,,,,,,,,,,,,,,,,,,,,,,,,,,,,,,,,,,,,,,
,,,,,,,,,,,,,,,,,,,,,,,,,,,,,,,,,,,,,,,,,,,,
,,,,,,,,,,,,,,,,,,,,,,,,,,,,,,,,,,,,,,,,,,,,
,,,,,,,,,,,,,,,,,,,,,,,,,,,,,,,,,,,,,,,,,,,,
,,,,,,,,,,,,,,,,,,,,,,,,,,,,,,,,,,,,,,,,,,,,
,,,,,,,,,,,,,,,,,,,,,,,,,,,,,,,,,,,,,,,,,,,,
,,,,,,,,,,,,,,,,,,,,,,,,,,,,,,,,,,,,,,,,,,,,
,,,,,,,,,,,,,,,,,,,,,,,,,,,,,,,,,,,,,,,,,,,,
,,,,,,,,,,,,,,,,,,,,,,,,,,,,,,,,,,,,,,,,,,,,
,,,,,,,,,,,,,,,,,,,,,,,,,,,,,,,,,,,,,,,,,,,,
,,,,,,,,,,,,,,,,,,,,,,,,,,,,,,,,,,,,,,,,,,,,
,,,,,,,,,,,,,,,,,,,,,,,,,,,,,,,,,,,,,,,,,,,,
,,,,,,,,,,,,,,,,,,,,,,,,,,,,,,,,,,,,,,,,,,,,
,,,,,,,,,,,,,,,,,,,,,,,,,,,,,,,,,,,,,,,,,,,,
,,,,,,,,,,,,,,,,,,,,,,,,,,,,,,,,,,,,,,,,,,,,
,,,,,,,,,,,,,,,,,,,,,,,,,,,,,,,,,,,,,,,,,,,,
,,,,,,,,,,,,,,,,,,,,,,,,,,,,,,,,,,,,,,,,,,,,
,,,,,,,,,,,,,,,,,,,,,,,,,,,,,,,,,,,,,,,,,,,,
,,,,,,,,,,,,,,,,,,,,,,,,,,,,,,,,,,,,,,,,,,,,
,,,,,,,,,,,,,,,,,,,,,,,,,,,,,,,,,,,,,,,,,,,,
,,,,,,,,,,,,,,,,,,,,,,,,,,,,,,,,,,,,,,,,,,,,
,,,,,,,,,,,,,,,,,,,,,,,,,,,,,,,,,,,,,,,,,,,,
,,,,,,,,,,,,,,,,,,,,,,,,,,,,,,,,,,,,,,,,,,,,
,,,,,,,,,,,,,,,,,,,,,,,,,,,,,,,,,,,,,,,,,,,,
,,,,,,,,,,,,,,,,,,,,,,,,,,,,,,,,,,,,,,,,,,,,
,,,,,,,,,,,,,,,,,,,,,,,,,,,,,,,,,,,,,,,,,,,,
,,,,,,,,,,,,,,,,,,,,,,,,,,,,,,,,,,,,,,,,,,,,
,,,,,,,,,,,,,,,,,,,,,,,,,,,,,,,,,,,,,,,,,,,,
,,,,,,,,,,,,,,,,,,,,,,,,,,,,,,,,,,,,,,,,,,,,
,,,,,,,,,,,,,,,,,,,,,,,,,,,,,,,,,,,,,,,,,,,,
,,,,,,,,,,,,,,,,,,,,,,,,,,,,,,,,,,,,,,,,,,,,
,,,,,,,,,,,,,,,,,,,,,,,,,,,,,,,,,,,,,,,,,,,,
,,,,,,,,,,,,,,,,,,,,,,,,,,,,,,,,,,,,,,,,,,,,
,,,,,,,,,,,,,,,,,,,,,,,,,,,,,,,,,,,,,,,,,,,,
,,,,,,,,,,,,,,,,,,,,,,,,,,,,,,,,,,,,,,,,,,,,
,,,,,,,,,,,,,,,,,,,,,,,,,,,,,,,,,,,,,,,,,,,,
,,,,,,,,,,,,,,,,,,,,,,,,,,,,,,,,,,,,,,,,,,,,
,,,,,,,,,,,,,,,,,,,,,,,,,,,,,,,,,,,,,,,,,,,,
,,,,,,,,,,,,,,,,,,,,,,,,,,,,,,,,,,,,,,,,,,,,
,,,,,,,,,,,,,,,,,,,,,,,,,,,,,,,,,,,,,,,,,,,,
,,,,,,,,,,,,,,,,,,,,,,,,,,,,,,,,,,,,,,,,,,,,
,,,,,,,,,,,,,,,,,,,,,,,,,,,,,,,,,,,,,,,,,,,,
,,,,,,,,,,,,,,,,,,,,,,,,,,,,,,,,,,,,,,,,,,,,
,,,,,,,,,,,,,,,,,,,,,,,,,,,,,,,,,,,,,,,,,,,,
,,,,,,,,,,,,,,,,,,,,,,,,,,,,,,,,,,,,,,,,,,,,
,,,,,,,,,,,,,,,,,,,,,,,,,,,,,,,,,,,,,,,,,,,,
,,,,,,,,,,,,,,,,,,,,,,,,,,,,,,,,,,,,,,,,,,,,
,,,,,,,,,,,,,,,,,,,,,,,,,,,,,,,,,,,,,,,,,,,,
,,,,,,,,,,,,,,,,,,,,,,,,,,,,,,,,,,,,,,,,,,,,
,,,,,,,,,,,,,,,,,,,,,,,,,,,,,,,,,,,,,,,,,,,,
,,,,,,,,,,,,,,,,,,,,,,,,,,,,,,,,,,,,,,,,,,,,
,,,,,,,,,,,,,,,,,,,,,,,,,,,,,,,,,,,,,,,,,,,,
,,,,,,,,,,,,,,,,,,,,,,,,,,,,,,,,,,,,,,,,,,,,
,,,,,,,,,,,,,,,,,,,,,,,,,,,,,,,,,,,,,,,,,,,,
,,,,,,,,,,,,,,,,,,,,,,,,,,,,,,,,,,,,,,,,,,,,
,,,,,,,,,,,,,,,,,,,,,,,,,,,,,,,,,,,,,,,,,,,,
,,,,,,,,,,,,,,,,,,,,,,,,,,,,,,,,,,,,,,,,,,,,
,,,,,,,,,,,,,,,,,,,,,,,,,,,,,,,,,,,,,,,,,,,,
,,,,,,,,,,,,,,,,,,,,,,,,,,,,,,,,,,,,,,,,,,,,
,,,,,,,,,,,,,,,,,,,,,,,,,,,,,,,,,,,,,,,,,,,,
,,,,,,,,,,,,,,,,,,,,,,,,,,,,,,,,,,,,,,,,,,,,
,,,,,,,,,,,,,,,,,,,,,,,,,,,,,,,,,,,,,,,,,,,,
,,,,,,,,,,,,,,,,,,,,,,,,,,,,,,,,,,,,,,,,,,,,
,,,,,,,,,,,,,,,,,,,,,,,,,,,,,,,,,,,,,,,,,,,,
,,,,,,,,,,,,,,,,,,,,,,,,,,,,,,,,,,,,,,,,,,,,
,,,,,,,,,,,,,,,,,,,,,,,,,,,,,,,,,,,,,,,,,,,,
,,,,,,,,,,,,,,,,,,,,,,,,,,,,,,,,,,,,,,,,,,,,
,,,,,,,,,,,,,,,,,,,,,,,,,,,,,,,,,,,,,,,,,,,,
,,,,,,,,,,,,,,,,,,,,,,,,,,,,,,,,,,,,,,,,,,,,
,,,,,,,,,,,,,,,,,,,,,,,,,,,,,,,,,,,,,,,,,,,,
,,,,,,,,,,,,,,,,,,,,,,,,,,,,,,,,,,,,,,,,,,,,
,,,,,,,,,,,,,,,,,,,,,,,,,,,,,,,,,,,,,,,,,,,,
,,,,,,,,,,,,,,,,,,,,,,,,,,,,,,,,,,,,,,,,,,,,
,,,,,,,,,,,,,,,,,,,,,,,,,,,,,,,,,,,,,,,,,,,,
,,,,,,,,,,,,,,,,,,,,,,,,,,,,,,,,,,,,,,,,,,,,
,,,,,,,,,,,,,,,,,,,,,,,,,,,,,,,,,,,,,,,,,,,,
,,,,,,,,,,,,,,,,,,,,,,,,,,,,,,,,,,,,,,,,,,,,
,,,,,,,,,,,,,,,,,,,,,,,,,,,,,,,,,,,,,,,,,,,,
,,,,,,,,,,,,,,,,,,,,,,,,,,,,,,,,,,,,,,,,,,,,
,,,,,,,,,,,,,,,,,,,,,,,,,,,,,,,,,,,,,,,,,,,,
,,,,,,,,,,,,,,,,,,,,,,,,,,,,,,,,,,,,,,,,,,,,
,,,,,,,,,,,,,,,,,,,,,,,,,,,,,,,,,,,,,,,,,,,,
,,,,,,,,,,,,,,,,,,,,,,,,,,,,,,,,,,,,,,,,,,,,
,,,,,,,,,,,,,,,,,,,,,,,,,,,,,,,,,,,,,,,,,,,,
,,,,,,,,,,,,,,,,,,,,,,,,,,,,,,,,,,,,,,,,,,,,
,,,,,,,,,,,,,,,,,,,,,,,,,,,,,,,,,,,,,,,,,,,,
,,,,,,,,,,,,,,,,,,,,,,,,,,,,,,,,,,,,,,,,,,,,
,,,,,,,,,,,,,,,,,,,,,,,,,,,,,,,,,,,,,,,,,,,,
,,,,,,,,,,,,,,,,,,,,,,,,,,,,,,,,,,,,,,,,,,,,
,,,,,,,,,,,,,,,,,,,,,,,,,,,,,,,,,,,,,,,,,,,,
,,,,,,,,,,,,,,,,,,,,,,,,,,,,,,,,,,,,,,,,,,,,
,,,,,,,,,,,,,,,,,,,,,,,,,,,,,,,,,,,,,,,,,,,,
,,,,,,,,,,,,,,,,,,,,,,,,,,,,,,,,,,,,,,,,,,,,
,,,,,,,,,,,,,,,,,,,,,,,,,,,,,,,,,,,,,,,,,,,,
,,,,,,,,,,,,,,,,,,,,,,,,,,,,,,,,,,,,,,,,,,,,
,,,,,,,,,,,,,,,,,,,,,,,,,,,,,,,,,,,,,,,,,,,,
,,,,,,,,,,,,,,,,,,,,,,,,,,,,,,,,,,,,,,,,,,,,
,,,,,,,,,,,,,,,,,,,,,,,,,,,,,,,,,,,,,,,,,,,,
,,,,,,,,,,,,,,,,,,,,,,,,,,,,,,,,,,,,,,,,,,,,
,,,,,,,,,,,,,,,,,,,,,,,,,,,,,,,,,,,,,,,,,,,,
,,,,,,,,,,,,,,,,,,,,,,,,,,,,,,,,,,,,,,,,,,,,
,,,,,,,,,,,,,,,,,,,,,,,,,,,,,,,,,,,,,,,,,,,,
,,,,,,,,,,,,,,,,,,,,,,,,,,,,,,,,,,,,,,,,,,,,
,,,,,,,,,,,,,,,,,,,,,,,,,,,,,,,,,,,,,,,,,,,,
,,,,,,,,,,,,,,,,,,,,,,,,,,,,,,,,,,,,,,,,,,,,
,,,,,,,,,,,,,,,,,,,,,,,,,,,,,,,,,,,,,,,,,,,,
,,,,,,,,,,,,,,,,,,,,,,,,,,,,,,,,,,,,,,,,,,,,
,,,,,,,,,,,,,,,,,,,,,,,,,,,,,,,,,,,,,,,,,,,,
,,,,,,,,,,,,,,,,,,,,,,,,,,,,,,,,,,,,,,,,,,,,
,,,,,,,,,,,,,,,,,,,,,,,,,,,,,,,,,,,,,,,,,,,,
,,,,,,,,,,,,,,,,,,,,,,,,,,,,,,,,,,,,,,,,,,,,
,,,,,,,,,,,,,,,,,,,,,,,,,,,,,,,,,,,,,,,,,,,,
,,,,,,,,,,,,,,,,,,,,,,,,,,,,,,,,,,,,,,,,,,,,
,,,,,,,,,,,,,,,,,,,,,,,,,,,,,,,,,,,,,,,,,,,,
,,,,,,,,,,,,,,,,,,,,,,,,,,,,,,,,,,,,,,,,,,,,
,,,,,,,,,,,,,,,,,,,,,,,,,,,,,,,,,,,,,,,,,,,,
,,,,,,,,,,,,,,,,,,,,,,,,,,,,,,,,,,,,,,,,,,,,
,,,,,,,,,,,,,,,,,,,,,,,,,,,,,,,,,,,,,,,,,,,,
,,,,,,,,,,,,,,,,,,,,,,,,,,,,,,,,,,,,,,,,,,,,
,,,,,,,,,,,,,,,,,,,,,,,,,,,,,,,,,,,,,,,,,,,,
,,,,,,,,,,,,,,,,,,,,,,,,,,,,,,,,,,,,,,,,,,,,
,,,,,,,,,,,,,,,,,,,,,,,,,,,,,,,,,,,,,,,,,,,,
,,,,,,,,,,,,,,,,,,,,,,,,,,,,,,,,,,,,,,,,,,,,
,,,,,,,,,,,,,,,,,,,,,,,,,,,,,,,,,,,,,,,,,,,,
,,,,,,,,,,,,,,,,,,,,,,,,,,,,,,,,,,,,,,,,,,,,
,,,,,,,,,,,,,,,,,,,,,,,,,,,,,,,,,,,,,,,,,,,,
,,,,,,,,,,,,,,,,,,,,,,,,,,,,,,,,,,,,,,,,,,,,
,,,,,,,,,,,,,,,,,,,,,,,,,,,,,,,,,,,,,,,,,,,,
,,,,,,,,,,,,,,,,,,,,,,,,,,,,,,,,,,,,,,,,,,,,
,,,,,,,,,,,,,,,,,,,,,,,,,,,,,,,,,,,,,,,,,,,,
,,,,,,,,,,,,,,,,,,,,,,,,,,,,,,,,,,,,,,,,,,,,
,,,,,,,,,,,,,,,,,,,,,,,,,,,,,,,,,,,,,,,,,,,,
,,,,,,,,,,,,,,,,,,,,,,,,,,,,,,,,,,,,,,,,,,,,
,,,,,,,,,,,,,,,,,,,,,,,,,,,,,,,,,,,,,,,,,,,,
,,,,,,,,,,,,,,,,,,,,,,,,,,,,,,,,,,,,,,,,,,,,
,,,,,,,,,,,,,,,,,,,,,,,,,,,,,,,,,,,,,,,,,,,,
,,,,,,,,,,,,,,,,,,,,,,,,,,,,,,,,,,,,,,,,,,,,
,,,,,,,,,,,,,,,,,,,,,,,,,,,,,,,,,,,,,,,,,,,,
,,,,,,,,,,,,,,,,,,,,,,,,,,,,,,,,,,,,,,,,,,,,
,,,,,,,,,,,,,,,,,,,,,,,,,,,,,,,,,,,,,,,,,,,,
,,,,,,,,,,,,,,,,,,,,,,,,,,,,,,,,,,,,,,,,,,,,
,,,,,,,,,,,,,,,,,,,,,,,,,,,,,,,,,,,,,,,,,,,,
,,,,,,,,,,,,,,,,,,,,,,,,,,,,,,,,,,,,,,,,,,,,
,,,,,,,,,,,,,,,,,,,,,,,,,,,,,,,,,,,,,,,,,,,,
,,,,,,,,,,,,,,,,,,,,,,,,,,,,,,,,,,,,,,,,,,,,
,,,,,,,,,,,,,,,,,,,,,,,,,,,,,,,,,,,,,,,,,,,,
,,,,,,,,,,,,,,,,,,,,,,,,,,,,,,,,,,,,,,,,,,,,
,,,,,,,,,,,,,,,,,,,,,,,,,,,,,,,,,,,,,,,,,,,,
,,,,,,,,,,,,,,,,,,,,,,,,,,,,,,,,,,,,,,,,,,,,
,,,,,,,,,,,,,,,,,,,,,,,,,,,,,,,,,,,,,,,,,,,,
,,,,,,,,,,,,,,,,,,,,,,,,,,,,,,,,,,,,,,,,,,,,
,,,,,,,,,,,,,,,,,,,,,,,,,,,,,,,,,,,,,,,,,,,,
,,,,,,,,,,,,,,,,,,,,,,,,,,,,,,,,,,,,,,,,,,,,
,,,,,,,,,,,,,,,,,,,,,,,,,,,,,,,,,,,,,,,,,,,,
,,,,,,,,,,,,,,,,,,,,,,,,,,,,,,,,,,,,,,,,,,,,
,,,,,,,,,,,,,,,,,,,,,,,,,,,,,,,,,,,,,,,,,,,,
,,,,,,,,,,,,,,,,,,,,,,,,,,,,,,,,,,,,,,,,,,,,
,,,,,,,,,,,,,,,,,,,,,,,,,,,,,,,,,,,,,,,,,,,,
,,,,,,,,,,,,,,,,,,,,,,,,,,,,,,,,,,,,,,,,,,,,
,,,,,,,,,,,,,,,,,,,,,,,,,,,,,,,,,,,,,,,,,,,,
,,,,,,,,,,,,,,,,,,,,,,,,,,,,,,,,,,,,,,,,,,,,
,,,,,,,,,,,,,,,,,,,,,,,,,,,,,,,,,,,,,,,,,,,,
,,,,,,,,,,,,,,,,,,,,,,,,,,,,,,,,,,,,,,,,,,,,
,,,,,,,,,,,,,,,,,,,,,,,,,,,,,,,,,,,,,,,,,,,,
,,,,,,,,,,,,,,,,,,,,,,,,,,,,,,,,,,,,,,,,,,,,
,,,,,,,,,,,,,,,,,,,,,,,,,,,,,,,,,,,,,,,,,,,,
,,,,,,,,,,,,,,,,,,,,,,,,,,,,,,,,,,,,,,,,,,,,
,,,,,,,,,,,,,,,,,,,,,,,,,,,,,,,,,,,,,,,,,,,,
,,,,,,,,,,,,,,,,,,,,,,,,,,,,,,,,,,,,,,,,,,,,
,,,,,,,,,,,,,,,,,,,,,,,,,,,,,,,,,,,,,,,,,,,,
,,,,,,,,,,,,,,,,,,,,,,,,,,,,,,,,,,,,,,,,,,,,
,,,,,,,,,,,,,,,,,,,,,,,,,,,,,,,,,,,,,,,,,,,,
,,,,,,,,,,,,,,,,,,,,,,,,,,,,,,,,,,,,,,,,,,,,
,,,,,,,,,,,,,,,,,,,,,,,,,,,,,,,,,,,,,,,,,,,,
,,,,,,,,,,,,,,,,,,,,,,,,,,,,,,,,,,,,,,,,,,,,
,,,,,,,,,,,,,,,,,,,,,,,,,,,,,,,,,,,,,,,,,,,,
,,,,,,,,,,,,,,,,,,,,,,,,,,,,,,,,,,,,,,,,,,,,
,,,,,,,,,,,,,,,,,,,,,,,,,,,,,,,,,,,,,,,,,,,,
,,,,,,,,,,,,,,,,,,,,,,,,,,,,,,,,,,,,,,,,,,,,
,,,,,,,,,,,,,,,,,,,,,,,,,,,,,,,,,,,,,,,,,,,,
,,,,,,,,,,,,,,,,,,,,,,,,,,,,,,,,,,,,,,,,,,,,
,,,,,,,,,,,,,,,,,,,,,,,,,,,,,,,,,,,,,,,,,,,,
,,,,,,,,,,,,,,,,,,,,,,,,,,,,,,,,,,,,,,,,,,,,
,,,,,,,,,,,,,,,,,,,,,,,,,,,,,,,,,,,,,,,,,,,,
,,,,,,,,,,,,,,,,,,,,,,,,,,,,,,,,,,,,,,,,,,,,
,,,,,,,,,,,,,,,,,,,,,,,,,,,,,,,,,,,,,,,,,,,,
,,,,,,,,,,,,,,,,,,,,,,,,,,,,,,,,,,,,,,,,,,,,
,,,,,,,,,,,,,,,,,,,,,,,,,,,,,,,,,,,,,,,,,,,,
,,,,,,,,,,,,,,,,,,,,,,,,,,,,,,,,,,,,,,,,,,,,
,,,,,,,,,,,,,,,,,,,,,,,,,,,,,,,,,,,,,,,,,,,,
,,,,,,,,,,,,,,,,,,,,,,,,,,,,,,,,,,,,,,,,,,,,
,,,,,,,,,,,,,,,,,,,,,,,,,,,,,,,,,,,,,,,,,,,,
,,,,,,,,,,,,,,,,,,,,,,,,,,,,,,,,,,,,,,,,,,,,
,,,,,,,,,,,,,,,,,,,,,,,,,,,,,,,,,,,,,,,,,,,,
,,,,,,,,,,,,,,,,,,,,,,,,,,,,,,,,,,,,,,,,,,,,
,,,,,,,,,,,,,,,,,,,,,,,,,,,,,,,,,,,,,,,,,,,,
,,,,,,,,,,,,,,,,,,,,,,,,,,,,,,,,,,,,,,,,,,,,
,,,,,,,,,,,,,,,,,,,,,,,,,,,,,,,,,,,,,,,,,,,,
,,,,,,,,,,,,,,,,,,,,,,,,,,,,,,,,,,,,,,,,,,,,
,,,,,,,,,,,,,,,,,,,,,,,,,,,,,,,,,,,,,,,,,,,,
,,,,,,,,,,,,,,,,,,,,,,,,,,,,,,,,,,,,,,,,,,,,
,,,,,,,,,,,,,,,,,,,,,,,,,,,,,,,,,,,,,,,,,,,,
,,,,,,,,,,,,,,,,,,,,,,,,,,,,,,,,,,,,,,,,,,,,
,,,,,,,,,,,,,,,,,,,,,,,,,,,,,,,,,,,,,,,,,,,,
,,,,,,,,,,,,,,,,,,,,,,,,,,,,,,,,,,,,,,,,,,,,
,,,,,,,,,,,,,,,,,,,,,,,,,,,,,,,,,,,,,,,,,,,,
,,,,,,,,,,,,,,,,,,,,,,,,,,,,,,,,,,,,,,,,,,,,
,,,,,,,,,,,,,,,,,,,,,,,,,,,,,,,,,,,,,,,,,,,,
,,,,,,,,,,,,,,,,,,,,,,,,,,,,,,,,,,,,,,,,,,,,
,,,,,,,,,,,,,,,,,,,,,,,,,,,,,,,,,,,,,,,,,,,,
,,,,,,,,,,,,,,,,,,,,,,,,,,,,,,,,,,,,,,,,,,,,
,,,,,,,,,,,,,,,,,,,,,,,,,,,,,,,,,,,,,,,,,,,,
,,,,,,,,,,,,,,,,,,,,,,,,,,,,,,,,,,,,,,,,,,,,
,,,,,,,,,,,,,,,,,,,,,,,,,,,,,,,,,,,,,,,,,,,,
,,,,,,,,,,,,,,,,,,,,,,,,,,,,,,,,,,,,,,,,,,,,
,,,,,,,,,,,,,,,,,,,,,,,,,,,,,,,,,,,,,,,,,,,,
,,,,,,,,,,,,,,,,,,,,,,,,,,,,,,,,,,,,,,,,,,,,
,,,,,,,,,,,,,,,,,,,,,,,,,,,,,,,,,,,,,,,,,,,,
,,,,,,,,,,,,,,,,,,,,,,,,,,,,,,,,,,,,,,,,,,,,
,,,,,,,,,,,,,,,,,,,,,,,,,,,,,,,,,,,,,,,,,,,,
,,,,,,,,,,,,,,,,,,,,,,,,,,,,,,,,,,,,,,,,,,,,
,,,,,,,,,,,,,,,,,,,,,,,,,,,,,,,,,,,,,,,,,,,,
,,,,,,,,,,,,,,,,,,,,,,,,,,,,,,,,,,,,,,,,,,,,
,,,,,,,,,,,,,,,,,,,,,,,,,,,,,,,,,,,,,,,,,,,,
,,,,,,,,,,,,,,,,,,,,,,,,,,,,,,,,,,,,,,,,,,,,
,,,,,,,,,,,,,,,,,,,,,,,,,,,,,,,,,,,,,,,,,,,,
,,,,,,,,,,,,,,,,,,,,,,,,,,,,,,,,,,,,,,,,,,,,
,,,,,,,,,,,,,,,,,,,,,,,,,,,,,,,,,,,,,,,,,,,,
,,,,,,,,,,,,,,,,,,,,,,,,,,,,,,,,,,,,,,,,,,,,
,,,,,,,,,,,,,,,,,,,,,,,,,,,,,,,,,,,,,,,,,,,,
,,,,,,,,,,,,,,,,,,,,,,,,,,,,,,,,,,,,,,,,,,,,
,,,,,,,,,,,,,,,,,,,,,,,,,,,,,,,,,,,,,,,,,,,,
,,,,,,,,,,,,,,,,,,,,,,,,,,,,,,,,,,,,,,,,,,,,
,,,,,,,,,,,,,,,,,,,,,,,,,,,,,,,,,,,,,,,,,,,,
,,,,,,,,,,,,,,,,,,,,,,,,,,,,,,,,,,,,,,,,,,,,
,,,,,,,,,,,,,,,,,,,,,,,,,,,,,,,,,,,,,,,,,,,,
,,,,,,,,,,,,,,,,,,,,,,,,,,,,,,,,,,,,,,,,,,,,
,,,,,,,,,,,,,,,,,,,,,,,,,,,,,,,,,,,,,,,,,,,,
,,,,,,,,,,,,,,,,,,,,,,,,,,,,,,,,,,,,,,,,,,,,
,,,,,,,,,,,,,,,,,,,,,,,,,,,,,,,,,,,,,,,,,,,,
,,,,,,,,,,,,,,,,,,,,,,,,,,,,,,,,,,,,,,,,,,,,
,,,,,,,,,,,,,,,,,,,,,,,,,,,,,,,,,,,,,,,,,,,,
,,,,,,,,,,,,,,,,,,,,,,,,,,,,,,,,,,,,,,,,,,,,
,,,,,,,,,,,,,,,,,,,,,,,,,,,,,,,,,,,,,,,,,,,,
,,,,,,,,,,,,,,,,,,,,,,,,,,,,,,,,,,,,,,,,,,,,
,,,,,,,,,,,,,,,,,,,,,,,,,,,,,,,,,,,,,,,,,,,,
,,,,,,,,,,,,,,,,,,,,,,,,,,,,,,,,,,,,,,,,,,,,
,,,,,,,,,,,,,,,,,,,,,,,,,,,,,,,,,,,,,,,,,,,,
,,,,,,,,,,,,,,,,,,,,,,,,,,,,,,,,,,,,,,,,,,,,
,,,,,,,,,,,,,,,,,,,,,,,,,,,,,,,,,,,,,,,,,,,,
,,,,,,,,,,,,,,,,,,,,,,,,,,,,,,,,,,,,,,,,,,,,
,,,,,,,,,,,,,,,,,,,,,,,,,,,,,,,,,,,,,,,,,,,,
,,,,,,,,,,,,,,,,,,,,,,,,,,,,,,,,,,,,,,,,,,,,
,,,,,,,,,,,,,,,,,,,,,,,,,,,,,,,,,,,,,,,,,,,,
,,,,,,,,,,,,,,,,,,,,,,,,,,,,,,,,,,,,,,,,,,,,
,,,,,,,,,,,,,,,,,,,,,,,,,,,,,,,,,,,,,,,,,,,,
,,,,,,,,,,,,,,,,,,,,,,,,,,,,,,,,,,,,,,,,,,,,
,,,,,,,,,,,,,,,,,,,,,,,,,,,,,,,,,,,,,,,,,,,,
,,,,,,,,,,,,,,,,,,,,,,,,,,,,,,,,,,,,,,,,,,,,
,,,,,,,,,,,,,,,,,,,,,,,,,,,,,,,,,,,,,,,,,,,,
,,,,,,,,,,,,,,,,,,,,,,,,,,,,,,,,,,,,,,,,,,,,
,,,,,,,,,,,,,,,,,,,,,,,,,,,,,,,,,,,,,,,,,,,,
,,,,,,,,,,,,,,,,,,,,,,,,,,,,,,,,,,,,,,,,,,,,
,,,,,,,,,,,,,,,,,,,,,,,,,,,,,,,,,,,,,,,,,,,,
,,,,,,,,,,,,,,,,,,,,,,,,,,,,,,,,,,,,,,,,,,,,
,,,,,,,,,,,,,,,,,,,,,,,,,,,,,,,,,,,,,,,,,,,,
,,,,,,,,,,,,,,,,,,,,,,,,,,,,,,,,,,,,,,,,,,,,
,,,,,,,,,,,,,,,,,,,,,,,,,,,,,,,,,,,,,,,,,,,,
,,,,,,,,,,,,,,,,,,,,,,,,,,,,,,,,,,,,,,,,,,,,
,,,,,,,,,,,,,,,,,,,,,,,,,,,,,,,,,,,,,,,,,,,,
,,,,,,,,,,,,,,,,,,,,,,,,,,,,,,,,,,,,,,,,,,,,
,,,,,,,,,,,,,,,,,,,,,,,,,,,,,,,,,,,,,,,,,,,,
,,,,,,,,,,,,,,,,,,,,,,,,,,,,,,,,,,,,,,,,,,,,
,,,,,,,,,,,,,,,,,,,,,,,,,,,,,,,,,,,,,,,,,,,,
,,,,,,,,,,,,,,,,,,,,,,,,,,,,,,,,,,,,,,,,,,,,
,,,,,,,,,,,,,,,,,,,,,,,,,,,,,,,,,,,,,,,,,,,,
,,,,,,,,,,,,,,,,,,,,,,,,,,,,,,,,,,,,,,,,,,,,
,,,,,,,,,,,,,,,,,,,,,,,,,,,,,,,,,,,,,,,,,,,,
,,,,,,,,,,,,,,,,,,,,,,,,,,,,,,,,,,,,,,,,,,,,
,,,,,,,,,,,,,,,,,,,,,,,,,,,,,,,,,,,,,,,,,,,,
,,,,,,,,,,,,,,,,,,,,,,,,,,,,,,,,,,,,,,,,,,,,
,,,,,,,,,,,,,,,,,,,,,,,,,,,,,,,,,,,,,,,,,,,,
,,,,,,,,,,,,,,,,,,,,,,,,,,,,,,,,,,,,,,,,,,,,
,,,,,,,,,,,,,,,,,,,,,,,,,,,,,,,,,,,,,,,,,,,,
,,,,,,,,,,,,,,,,,,,,,,,,,,,,,,,,,,,,,,,,,,,,
,,,,,,,,,,,,,,,,,,,,,,,,,,,,,,,,,,,,,,,,,,,,
,,,,,,,,,,,,,,,,,,,,,,,,,,,,,,,,,,,,,,,,,,,,
,,,,,,,,,,,,,,,,,,,,,,,,,,,,,,,,,,,,,,,,,,,,
,,,,,,,,,,,,,,,,,,,,,,,,,,,,,,,,,,,,,,,,,,,,
,,,,,,,,,,,,,,,,,,,,,,,,,,,,,,,,,,,,,,,,,,,,
,,,,,,,,,,,,,,,,,,,,,,,,,,,,,,,,,,,,,,,,,,,,
,,,,,,,,,,,,,,,,,,,,,,,,,,,,,,,,,,,,,,,,,,,,
,,,,,,,,,,,,,,,,,,,,,,,,,,,,,,,,,,,,,,,,,,,,
,,,,,,,,,,,,,,,,,,,,,,,,,,,,,,,,,,,,,,,,,,,,
,,,,,,,,,,,,,,,,,,,,,,,,,,,,,,,,,,,,,,,,,,,,
,,,,,,,,,,,,,,,,,,,,,,,,,,,,,,,,,,,,,,,,,,,,
,,,,,,,,,,,,,,,,,,,,,,,,,,,,,,,,,,,,,,,,,,,,
,,,,,,,,,,,,,,,,,,,,,,,,,,,,,,,,,,,,,,,,,,,,
,,,,,,,,,,,,,,,,,,,,,,,,,,,,,,,,,,,,,,,,,,,,
,,,,,,,,,,,,,,,,,,,,,,,,,,,,,,,,,,,,,,,,,,,,
,,,,,,,,,,,,,,,,,,,,,,,,,,,,,,,,,,,,,,,,,,,,
,,,,,,,,,,,,,,,,,,,,,,,,,,,,,,,,,,,,,,,,,,,,
,,,,,,,,,,,,,,,,,,,,,,,,,,,,,,,,,,,,,,,,,,,,
,,,,,,,,,,,,,,,,,,,,,,,,,,,,,,,,,,,,,,,,,,,,
,,,,,,,,,,,,,,,,,,,,,,,,,,,,,,,,,,,,,,,,,,,,
,,,,,,,,,,,,,,,,,,,,,,,,,,,,,,,,,,,,,,,,,,,,
,,,,,,,,,,,,,,,,,,,,,,,,,,,,,,,,,,,,,,,,,,,,
,,,,,,,,,,,,,,,,,,,,,,,,,,,,,,,,,,,,,,,,,,,,
,,,,,,,,,,,,,,,,,,,,,,,,,,,,,,,,,,,,,,,,,,,,
,,,,,,,,,,,,,,,,,,,,,,,,,,,,,,,,,,,,,,,,,,,,
,,,,,,,,,,,,,,,,,,,,,,,,,,,,,,,,,,,,,,,,,,,,
,,,,,,,,,,,,,,,,,,,,,,,,,,,,,,,,,,,,,,,,,,,,
,,,,,,,,,,,,,,,,,,,,,,,,,,,,,,,,,,,,,,,,,,,,
,,,,,,,,,,,,,,,,,,,,,,,,,,,,,,,,,,,,,,,,,,,,
,,,,,,,,,,,,,,,,,,,,,,,,,,,,,,,,,,,,,,,,,,,,
,,,,,,,,,,,,,,,,,,,,,,,,,,,,,,,,,,,,,,,,,,,,
,,,,,,,,,,,,,,,,,,,,,,,,,,,,,,,,,,,,,,,,,,,,
,,,,,,,,,,,,,,,,,,,,,,,,,,,,,,,,,,,,,,,,,,,,
,,,,,,,,,,,,,,,,,,,,,,,,,,,,,,,,,,,,,,,,,,,,
,,,,,,,,,,,,,,,,,,,,,,,,,,,,,,,,,,,,,,,,,,,,
,,,,,,,,,,,,,,,,,,,,,,,,,,,,,,,,,,,,,,,,,,,,
,,,,,,,,,,,,,,,,,,,,,,,,,,,,,,,,,,,,,,,,,,,,
,,,,,,,,,,,,,,,,,,,,,,,,,,,,,,,,,,,,,,,,,,,,
,,,,,,,,,,,,,,,,,,,,,,,,,,,,,,,,,,,,,,,,,,,,
,,,,,,,,,,,,,,,,,,,,,,,,,,,,,,,,,,,,,,,,,,,,
,,,,,,,,,,,,,,,,,,,,,,,,,,,,,,,,,,,,,,,,,,,,
,,,,,,,,,,,,,,,,,,,,,,,,,,,,,,,,,,,,,,,,,,,,
,,,,,,,,,,,,,,,,,,,,,,,,,,,,,,,,,,,,,,,,,,,,
,,,,,,,,,,,,,,,,,,,,,,,,,,,,,,,,,,,,,,,,,,,,
,,,,,,,,,,,,,,,,,,,,,,,,,,,,,,,,,,,,,,,,,,,,
,,,,,,,,,,,,,,,,,,,,,,,,,,,,,,,,,,,,,,,,,,,,
,,,,,,,,,,,,,,,,,,,,,,,,,,,,,,,,,,,,,,,,,,,,
,,,,,,,,,,,,,,,,,,,,,,,,,,,,,,,,,,,,,,,,,,,,
,,,,,,,,,,,,,,,,,,,,,,,,,,,,,,,,,,,,,,,,,,,,
,,,,,,,,,,,,,,,,,,,,,,,,,,,,,,,,,,,,,,,,,,,,
,,,,,,,,,,,,,,,,,,,,,,,,,,,,,,,,,,,,,,,,,,,,
,,,,,,,,,,,,,,,,,,,,,,,,,,,,,,,,,,,,,,,,,,,,
,,,,,,,,,,,,,,,,,,,,,,,,,,,,,,,,,,,,,,,,,,,,
,,,,,,,,,,,,,,,,,,,,,,,,,,,,,,,,,,,,,,,,,,,,
,,,,,,,,,,,,,,,,,,,,,,,,,,,,,,,,,,,,,,,,,,,,
,,,,,,,,,,,,,,,,,,,,,,,,,,,,,,,,,,,,,,,,,,,,
,,,,,,,,,,,,,,,,,,,,,,,,,,,,,,,,,,,,,,,,,,,,
,,,,,,,,,,,,,,,,,,,,,,,,,,,,,,,,,,,,,,,,,,,,
,,,,,,,,,,,,,,,,,,,,,,,,,,,,,,,,,,,,,,,,,,,,
,,,,,,,,,,,,,,,,,,,,,,,,,,,,,,,,,,,,,,,,,,,,
,,,,,,,,,,,,,,,,,,,,,,,,,,,,,,,,,,,,,,,,,,,,
,,,,,,,,,,,,,,,,,,,,,,,,,,,,,,,,,,,,,,,,,,,,
,,,,,,,,,,,,,,,,,,,,,,,,,,,,,,,,,,,,,,,,,,,,
,,,,,,,,,,,,,,,,,,,,,,,,,,,,,,,,,,,,,,,,,,,,
,,,,,,,,,,,,,,,,,,,,,,,,,,,,,,,,,,,,,,,,,,,,
,,,,,,,,,,,,,,,,,,,,,,,,,,,,,,,,,,,,,,,,,,,,
,,,,,,,,,,,,,,,,,,,,,,,,,,,,,,,,,,,,,,,,,,,,
,,,,,,,,,,,,,,,,,,,,,,,,,,,,,,,,,,,,,,,,,,,,
,,,,,,,,,,,,,,,,,,,,,,,,,,,,,,,,,,,,,,,,,,,,
,,,,,,,,,,,,,,,,,,,,,,,,,,,,,,,,,,,,,,,,,,,,
,,,,,,,,,,,,,,,,,,,,,,,,,,,,,,,,,,,,,,,,,,,,
,,,,,,,,,,,,,,,,,,,,,,,,,,,,,,,,,,,,,,,,,,,,
,,,,,,,,,,,,,,,,,,,,,,,,,,,,,,,,,,,,,,,,,,,,
,,,,,,,,,,,,,,,,,,,,,,,,,,,,,,,,,,,,,,,,,,,,
,,,,,,,,,,,,,,,,,,,,,,,,,,,,,,,,,,,,,,,,,,,,
,,,,,,,,,,,,,,,,,,,,,,,,,,,,,,,,,,,,,,,,,,,,
,,,,,,,,,,,,,,,,,,,,,,,,,,,,,,,,,,,,,,,,,,,,
,,,,,,,,,,,,,,,,,,,,,,,,,,,,,,,,,,,,,,,,,,,,
,,,,,,,,,,,,,,,,,,,,,,,,,,,,,,,,,,,,,,,,,,,,
,,,,,,,,,,,,,,,,,,,,,,,,,,,,,,,,,,,,,,,,,,,,
,,,,,,,,,,,,,,,,,,,,,,,,,,,,,,,,,,,,,,,,,,,,
,,,,,,,,,,,,,,,,,,,,,,,,,,,,,,,,,,,,,,,,,,,,
,,,,,,,,,,,,,,,,,,,,,,,,,,,,,,,,,,,,,,,,,,,,
,,,,,,,,,,,,,,,,,,,,,,,,,,,,,,,,,,,,,,,,,,,,
,,,,,,,,,,,,,,,,,,,,,,,,,,,,,,,,,,,,,,,,,,,,
,,,,,,,,,,,,,,,,,,,,,,,,,,,,,,,,,,,,,,,,,,,,
,,,,,,,,,,,,,,,,,,,,,,,,,,,,,,,,,,,,,,,,,,,,
,,,,,,,,,,,,,,,,,,,,,,,,,,,,,,,,,,,,,,,,,,,,
,,,,,,,,,,,,,,,,,,,,,,,,,,,,,,,,,,,,,,,,,,,,
,,,,,,,,,,,,,,,,,,,,,,,,,,,,,,,,,,,,,,,,,,,,
,,,,,,,,,,,,,,,,,,,,,,,,,,,,,,,,,,,,,,,,,,,,
,,,,,,,,,,,,,,,,,,,,,,,,,,,,,,,,,,,,,,,,,,,,
,,,,,,,,,,,,,,,,,,,,,,,,,,,,,,,,,,,,,,,,,,,,
,,,,,,,,,,,,,,,,,,,,,,,,,,,,,,,,,,,,,,,,,,,,
,,,,,,,,,,,,,,,,,,,,,,,,,,,,,,,,,,,,,,,,,,,,
,,,,,,,,,,,,,,,,,,,,,,,,,,,,,,,,,,,,,,,,,,,,
,,,,,,,,,,,,,,,,,,,,,,,,,,,,,,,,,,,,,,,,,,,,
,,,,,,,,,,,,,,,,,,,,,,,,,,,,,,,,,,,,,,,,,,,,
,,,,,,,,,,,,,,,,,,,,,,,,,,,,,,,,,,,,,,,,,,,,
,,,,,,,,,,,,,,,,,,,,,,,,,,,,,,,,,,,,,,,,,,,,
,,,,,,,,,,,,,,,,,,,,,,,,,,,,,,,,,,,,,,,,,,,,
,,,,,,,,,,,,,,,,,,,,,,,,,,,,,,,,,,,,,,,,,,,,
,,,,,,,,,,,,,,,,,,,,,,,,,,,,,,,,,,,,,,,,,,,,
,,,,,,,,,,,,,,,,,,,,,,,,,,,,,,,,,,,,,,,,,,,,
,,,,,,,,,,,,,,,,,,,,,,,,,,,,,,,,,,,,,,,,,,,,
,,,,,,,,,,,,,,,,,,,,,,,,,,,,,,,,,,,,,,,,,,,,
,,,,,,,,,,,,,,,,,,,,,,,,,,,,,,,,,,,,,,,,,,,,
,,,,,,,,,,,,,,,,,,,,,,,,,,,,,,,,,,,,,,,,,,,,
,,,,,,,,,,,,,,,,,,,,,,,,,,,,,,,,,,,,,,,,,,,,
,,,,,,,,,,,,,,,,,,,,,,,,,,,,,,,,,,,,,,,,,,,,
,,,,,,,,,,,,,,,,,,,,,,,,,,,,,,,,,,,,,,,,,,,,
,,,,,,,,,,,,,,,,,,,,,,,,,,,,,,,,,,,,,,,,,,,,
,,,,,,,,,,,,,,,,,,,,,,,,,,,,,,,,,,,,,,,,,,,,
,,,,,,,,,,,,,,,,,,,,,,,,,,,,,,,,,,,,,,,,,,,,
,,,,,,,,,,,,,,,,,,,,,,,,,,,,,,,,,,,,,,,,,,,,
,,,,,,,,,,,,,,,,,,,,,,,,,,,,,,,,,,,,,,,,,,,,
,,,,,,,,,,,,,,,,,,,,,,,,,,,,,,,,,,,,,,,,,,,,
,,,,,,,,,,,,,,,,,,,,,,,,,,,,,,,,,,,,,,,,,,,,
,,,,,,,,,,,,,,,,,,,,,,,,,,,,,,,,,,,,,,,,,,,,
,,,,,,,,,,,,,,,,,,,,,,,,,,,,,,,,,,,,,,,,,,,,
,,,,,,,,,,,,,,,,,,,,,,,,,,,,,,,,,,,,,,,,,,,,
,,,,,,,,,,,,,,,,,,,,,,,,,,,,,,,,,,,,,,,,,,,,
,,,,,,,,,,,,,,,,,,,,,,,,,,,,,,,,,,,,,,,,,,,,
,,,,,,,,,,,,,,,,,,,,,,,,,,,,,,,,,,,,,,,,,,,,
,,,,,,,,,,,,,,,,,,,,,,,,,,,,,,,,,,,,,,,,,,,,
,,,,,,,,,,,,,,,,,,,,,,,,,,,,,,,,,,,,,,,,,,,,
,,,,,,,,,,,,,,,,,,,,,,,,,,,,,,,,,,,,,,,,,,,,
,,,,,,,,,,,,,,,,,,,,,,,,,,,,,,,,,,,,,,,,,,,,
,,,,,,,,,,,,,,,,,,,,,,,,,,,,,,,,,,,,,,,,,,,,
,,,,,,,,,,,,,,,,,,,,,,,,,,,,,,,,,,,,,,,,,,,,
,,,,,,,,,,,,,,,,,,,,,,,,,,,,,,,,,,,,,,,,,,,,
,,,,,,,,,,,,,,,,,,,,,,,,,,,,,,,,,,,,,,,,,,,,
,,,,,,,,,,,,,,,,,,,,,,,,,,,,,,,,,,,,,,,,,,,,
,,,,,,,,,,,,,,,,,,,,,,,,,,,,,,,,,,,,,,,,,,,,
,,,,,,,,,,,,,,,,,,,,,,,,,,,,,,,,,,,,,,,,,,,,
,,,,,,,,,,,,,,,,,,,,,,,,,,,,,,,,,,,,,,,,,,,,
,,,,,,,,,,,,,,,,,,,,,,,,,,,,,,,,,,,,,,,,,,,,
,,,,,,,,,,,,,,,,,,,,,,,,,,,,,,,,,,,,,,,,,,,,
,,,,,,,,,,,,,,,,,,,,,,,,,,,,,,,,,,,,,,,,,,,,
,,,,,,,,,,,,,,,,,,,,,,,,,,,,,,,,,,,,,,,,,,,,
,,,,,,,,,,,,,,,,,,,,,,,,,,,,,,,,,,,,,,,,,,,,
,,,,,,,,,,,,,,,,,,,,,,,,,,,,,,,,,,,,,,,,,,,,
,,,,,,,,,,,,,,,,,,,,,,,,,,,,,,,,,,,,,,,,,,,,
,,,,,,,,,,,,,,,,,,,,,,,,,,,,,,,,,,,,,,,,,,,,
,,,,,,,,,,,,,,,,,,,,,,,,,,,,,,,,,,,,,,,,,,,,
,,,,,,,,,,,,,,,,,,,,,,,,,,,,,,,,,,,,,,,,,,,,
,,,,,,,,,,,,,,,,,,,,,,,,,,,,,,,,,,,,,,,,,,,,
,,,,,,,,,,,,,,,,,,,,,,,,,,,,,,,,,,,,,,,,,,,,
,,,,,,,,,,,,,,,,,,,,,,,,,,,,,,,,,,,,,,,,,,,,
,,,,,,,,,,,,,,,,,,,,,,,,,,,,,,,,,,,,,,,,,,,,
,,,,,,,,,,,,,,,,,,,,,,,,,,,,,,,,,,,,,,,,,,,,
,,,,,,,,,,,,,,,,,,,,,,,,,,,,,,,,,,,,,,,,,,,,
,,,,,,,,,,,,,,,,,,,,,,,,,,,,,,,,,,,,,,,,,,,,
,,,,,,,,,,,,,,,,,,,,,,,,,,,,,,,,,,,,,,,,,,,,
,,,,,,,,,,,,,,,,,,,,,,,,,,,,,,,,,,,,,,,,,,,,
,,,,,,,,,,,,,,,,,,,,,,,,,,,,,,,,,,,,,,,,,,,,
,,,,,,,,,,,,,,,,,,,,,,,,,,,,,,,,,,,,,,,,,,,,
,,,,,,,,,,,,,,,,,,,,,,,,,,,,,,,,,,,,,,,,,,,,
,,,,,,,,,,,,,,,,,,,,,,,,,,,,,,,,,,,,,,,,,,,,
,,,,,,,,,,,,,,,,,,,,,,,,,,,,,,,,,,,,,,,,,,,,
,,,,,,,,,,,,,,,,,,,,,,,,,,,,,,,,,,,,,,,,,,,,
,,,,,,,,,,,,,,,,,,,,,,,,,,,,,,,,,,,,,,,,,,,,
,,,,,,,,,,,,,,,,,,,,,,,,,,,,,,,,,,,,,,,,,,,,
,,,,,,,,,,,,,,,,,,,,,,,,,,,,,,,,,,,,,,,,,,,,
,,,,,,,,,,,,,,,,,,,,,,,,,,,,,,,,,,,,,,,,,,,,
,,,,,,,,,,,,,,,,,,,,,,,,,,,,,,,,,,,,,,,,,,,,
,,,,,,,,,,,,,,,,,,,,,,,,,,,,,,,,,,,,,,,,,,,,
,,,,,,,,,,,,,,,,,,,,,,,,,,,,,,,,,,,,,,,,,,,,
,,,,,,,,,,,,,,,,,,,,,,,,,,,,,,,,,,,,,,,,,,,,
,,,,,,,,,,,,,,,,,,,,,,,,,,,,,,,,,,,,,,,,,,,,
,,,,,,,,,,,,,,,,,,,,,,,,,,,,,,,,,,,,,,,,,,,,
,,,,,,,,,,,,,,,,,,,,,,,,,,,,,,,,,,,,,,,,,,,,
,,,,,,,,,,,,,,,,,,,,,,,,,,,,,,,,,,,,,,,,,,,,
,,,,,,,,,,,,,,,,,,,,,,,,,,,,,,,,,,,,,,,,,,,,
,,,,,,,,,,,,,,,,,,,,,,,,,,,,,,,,,,,,,,,,,,,,
,,,,,,,,,,,,,,,,,,,,,,,,,,,,,,,,,,,,,,,,,,,,
,,,,,,,,,,,,,,,,,,,,,,,,,,,,,,,,,,,,,,,,,,,,
,,,,,,,,,,,,,,,,,,,,,,,,,,,,,,,,,,,,,,,,,,,,
,,,,,,,,,,,,,,,,,,,,,,,,,,,,,,,,,,,,,,,,,,,,
,,,,,,,,,,,,,,,,,,,,,,,,,,,,,,,,,,,,,,,,,,,,
,,,,,,,,,,,,,,,,,,,,,,,,,,,,,,,,,,,,,,,,,,,,
,,,,,,,,,,,,,,,,,,,,,,,,,,,,,,,,,,,,,,,,,,,,
,,,,,,,,,,,,,,,,,,,,,,,,,,,,,,,,,,,,,,,,,,,,
,,,,,,,,,,,,,,,,,,,,,,,,,,,,,,,,,,,,,,,,,,,,
,,,,,,,,,,,,,,,,,,,,,,,,,,,,,,,,,,,,,,,,,,,,
,,,,,,,,,,,,,,,,,,,,,,,,,,,,,,,,,,,,,,,,,,,,
,,,,,,,,,,,,,,,,,,,,,,,,,,,,,,,,,,,,,,,,,,,,
,,,,,,,,,,,,,,,,,,,,,,,,,,,,,,,,,,,,,,,,,,,,
,,,,,,,,,,,,,,,,,,,,,,,,,,,,,,,,,,,,,,,,,,,,
,,,,,,,,,,,,,,,,,,,,,,,,,,,,,,,,,,,,,,,,,,,,
,,,,,,,,,,,,,,,,,,,,,,,,,,,,,,,,,,,,,,,,,,,,
,,,,,,,,,,,,,,,,,,,,,,,,,,,,,,,,,,,,,,,,,,,,
,,,,,,,,,,,,,,,,,,,,,,,,,,,,,,,,,,,,,,,,,,,,
,,,,,,,,,,,,,,,,,,,,,,,,,,,,,,,,,,,,,,,,,,,,
,,,,,,,,,,,,,,,,,,,,,,,,,,,,,,,,,,,,,,,,,,,,
,,,,,,,,,,,,,,,,,,,,,,,,,,,,,,,,,,,,,,,,,,,,
,,,,,,,,,,,,,,,,,,,,,,,,,,,,,,,,,,,,,,,,,,,,
,,,,,,,,,,,,,,,,,,,,,,,,,,,,,,,,,,,,,,,,,,,,
,,,,,,,,,,,,,,,,,,,,,,,,,,,,,,,,,,,,,,,,,,,,
,,,,,,,,,,,,,,,,,,,,,,,,,,,,,,,,,,,,,,,,,,,,
,,,,,,,,,,,,,,,,,,,,,,,,,,,,,,,,,,,,,,,,,,,,
,,,,,,,,,,,,,,,,,,,,,,,,,,,,,,,,,,,,,,,,,,,,
,,,,,,,,,,,,,,,,,,,,,,,,,,,,,,,,,,,,,,,,,,,,
,,,,,,,,,,,,,,,,,,,,,,,,,,,,,,,,,,,,,,,,,,,,
,,,,,,,,,,,,,,,,,,,,,,,,,,,,,,,,,,,,,,,,,,,,
,,,,,,,,,,,,,,,,,,,,,,,,,,,,,,,,,,,,,,,,,,,,
,,,,,,,,,,,,,,,,,,,,,,,,,,,,,,,,,,,,,,,,,,,,
,,,,,,,,,,,,,,,,,,,,,,,,,,,,,,,,,,,,,,,,,,,,
,,,,,,,,,,,,,,,,,,,,,,,,,,,,,,,,,,,,,,,,,,,,
,,,,,,,,,,,,,,,,,,,,,,,,,,,,,,,,,,,,,,,,,,,,
,,,,,,,,,,,,,,,,,,,,,,,,,,,,,,,,,,,,,,,,,,,,
,,,,,,,,,,,,,,,,,,,,,,,,,,,,,,,,,,,,,,,,,,,,
,,,,,,,,,,,,,,,,,,,,,,,,,,,,,,,,,,,,,,,,,,,,
,,,,,,,,,,,,,,,,,,,,,,,,,,,,,,,,,,,,,,,,,,,,
,,,,,,,,,,,,,,,,,,,,,,,,,,,,,,,,,,,,,,,,,,,,
,,,,,,,,,,,,,,,,,,,,,,,,,,,,,,,,,,,,,,,,,,,,
,,,,,,,,,,,,,,,,,,,,,,,,,,,,,,,,,,,,,,,,,,,,
,,,,,,,,,,,,,,,,,,,,,,,,,,,,,,,,,,,,,,,,,,,,
,,,,,,,,,,,,,,,,,,,,,,,,,,,,,,,,,,,,,,,,,,,,
,,,,,,,,,,,,,,,,,,,,,,,,,,,,,,,,,,,,,,,,,,,,
,,,,,,,,,,,,,,,,,,,,,,,,,,,,,,,,,,,,,,,,,,,,
,,,,,,,,,,,,,,,,,,,,,,,,,,,,,,,,,,,,,,,,,,,,
,,,,,,,,,,,,,,,,,,,,,,,,,,,,,,,,,,,,,,,,,,,,
,,,,,,,,,,,,,,,,,,,,,,,,,,,,,,,,,,,,,,,,,,,,
,,,,,,,,,,,,,,,,,,,,,,,,,,,,,,,,,,,,,,,,,,,,
,,,,,,,,,,,,,,,,,,,,,,,,,,,,,,,,,,,,,,,,,,,,
,,,,,,,,,,,,,,,,,,,,,,,,,,,,,,,,,,,,,,,,,,,,
,,,,,,,,,,,,,,,,,,,,,,,,,,,,,,,,,,,,,,,,,,,,
,,,,,,,,,,,,,,,,,,,,,,,,,,,,,,,,,,,,,,,,,,,,
,,,,,,,,,,,,,,,,,,,,,,,,,,,,,,,,,,,,,,,,,,,,
,,,,,,,,,,,,,,,,,,,,,,,,,,,,,,,,,,,,,,,,,,,,
,,,,,,,,,,,,,,,,,,,,,,,,,,,,,,,,,,,,,,,,,,,,
,,,,,,,,,,,,,,,,,,,,,,,,,,,,,,,,,,,,,,,,,,,,
,,,,,,,,,,,,,,,,,,,,,,,,,,,,,,,,,,,,,,,,,,,,
,,,,,,,,,,,,,,,,,,,,,,,,,,,,,,,,,,,,,,,,,,,,
,,,,,,,,,,,,,,,,,,,,,,,,,,,,,,,,,,,,,,,,,,,,
,,,,,,,,,,,,,,,,,,,,,,,,,,,,,,,,,,,,,,,,,,,,
,,,,,,,,,,,,,,,,,,,,,,,,,,,,,,,,,,,,,,,,,,,,
,,,,,,,,,,,,,,,,,,,,,,,,,,,,,,,,,,,,,,,,,,,,
,,,,,,,,,,,,,,,,,,,,,,,,,,,,,,,,,,,,,,,,,,,,
,,,,,,,,,,,,,,,,,,,,,,,,,,,,,,,,,,,,,,,,,,,,
,,,,,,,,,,,,,,,,,,,,,,,,,,,,,,,,,,,,,,,,,,,,
,,,,,,,,,,,,,,,,,,,,,,,,,,,,,,,,,,,,,,,,,,,,
,,,,,,,,,,,,,,,,,,,,,,,,,,,,,,,,,,,,,,,,,,,,
,,,,,,,,,,,,,,,,,,,,,,,,,,,,,,,,,,,,,,,,,,,,
,,,,,,,,,,,,,,,,,,,,,,,,,,,,,,,,,,,,,,,,,,,,
,,,,,,,,,,,,,,,,,,,,,,,,,,,,,,,,,,,,,,,,,,,,
,,,,,,,,,,,,,,,,,,,,,,,,,,,,,,,,,,,,,,,,,,,,
,,,,,,,,,,,,,,,,,,,,,,,,,,,,,,,,,,,,,,,,,,,,
,,,,,,,,,,,,,,,,,,,,,,,,,,,,,,,,,,,,,,,,,,,,
,,,,,,,,,,,,,,,,,,,,,,,,,,,,,,,,,,,,,,,,,,,,
,,,,,,,,,,,,,,,,,,,,,,,,,,,,,,,,,,,,,,,,,,,,
,,,,,,,,,,,,,,,,,,,,,,,,,,,,,,,,,,,,,,,,,,,,
,,,,,,,,,,,,,,,,,,,,,,,,,,,,,,,,,,,,,,,,,,,,
,,,,,,,,,,,,,,,,,,,,,,,,,,,,,,,,,,,,,,,,,,,,
,,,,,,,,,,,,,,,,,,,,,,,,,,,,,,,,,,,,,,,,,,,,
,,,,,,,,,,,,,,,,,,,,,,,,,,,,,,,,,,,,,,,,,,,,
,,,,,,,,,,,,,,,,,,,,,,,,,,,,,,,,,,,,,,,,,,,,
,,,,,,,,,,,,,,,,,,,,,,,,,,,,,,,,,,,,,,,,,,,,
,,,,,,,,,,,,,,,,,,,,,,,,,,,,,,,,,,,,,,,,,,,,
,,,,,,,,,,,,,,,,,,,,,,,,,,,,,,,,,,,,,,,,,,,,
,,,,,,,,,,,,,,,,,,,,,,,,,,,,,,,,,,,,,,,,,,,,
,,,,,,,,,,,,,,,,,,,,,,,,,,,,,,,,,,,,,,,,,,,,
,,,,,,,,,,,,,,,,,,,,,,,,,,,,,,,,,,,,,,,,,,,,
,,,,,,,,,,,,,,,,,,,,,,,,,,,,,,,,,,,,,,,,,,,,
,,,,,,,,,,,,,,,,,,,,,,,,,,,,,,,,,,,,,,,,,,,,
,,,,,,,,,,,,,,,,,,,,,,,,,,,,,,,,,,,,,,,,,,,,
,,,,,,,,,,,,,,,,,,,,,,,,,,,,,,,,,,,,,,,,,,,,
,,,,,,,,,,,,,,,,,,,,,,,,,,,,,,,,,,,,,,,,,,,,
,,,,,,,,,,,,,,,,,,,,,,,,,,,,,,,,,,,,,,,,,,,,
,,,,,,,,,,,,,,,,,,,,,,,,,,,,,,,,,,,,,,,,,,,,
,,,,,,,,,,,,,,,,,,,,,,,,,,,,,,,,,,,,,,,,,,,,
,,,,,,,,,,,,,,,,,,,,,,,,,,,,,,,,,,,,,,,,,,,,
,,,,,,,,,,,,,,,,,,,,,,,,,,,,,,,,,,,,,,,,,,,,
,,,,,,,,,,,,,,,,,,,,,,,,,,,,,,,,,,,,,,,,,,,,
,,,,,,,,,,,,,,,,,,,,,,,,,,,,,,,,,,,,,,,,,,,,
,,,,,,,,,,,,,,,,,,,,,,,,,,,,,,,,,,,,,,,,,,,,
,,,,,,,,,,,,,,,,,,,,,,,,,,,,,,,,,,,,,,,,,,,,
,,,,,,,,,,,,,,,,,,,,,,,,,,,,,,,,,,,,,,,,,,,,
,,,,,,,,,,,,,,,,,,,,,,,,,,,,,,,,,,,,,,,,,,,,
,,,,,,,,,,,,,,,,,,,,,,,,,,,,,,,,,,,,,,,,,,,,
,,,,,,,,,,,,,,,,,,,,,,,,,,,,,,,,,,,,,,,,,,,,
,,,,,,,,,,,,,,,,,,,,,,,,,,,,,,,,,,,,,,,,,,,,
,,,,,,,,,,,,,,,,,,,,,,,,,,,,,,,,,,,,,,,,,,,,
,,,,,,,,,,,,,,,,,,,,,,,,,,,,,,,,,,,,,,,,,,,,
,,,,,,,,,,,,,,,,,,,,,,,,,,,,,,,,,,,,,,,,,,,,
,,,,,,,,,,,,,,,,,,,,,,,,,,,,,,,,,,,,,,,,,,,,
,,,,,,,,,,,,,,,,,,,,,,,,,,,,,,,,,,,,,,,,,,,,
,,,,,,,,,,,,,,,,,,,,,,,,,,,,,,,,,,,,,,,,,,,,
,,,,,,,,,,,,,,,,,,,,,,,,,,,,,,,,,,,,,,,,,,,,
,,,,,,,,,,,,,,,,,,,,,,,,,,,,,,,,,,,,,,,,,,,,
,,,,,,,,,,,,,,,,,,,,,,,,,,,,,,,,,,,,,,,,,,,,
,,,,,,,,,,,,,,,,,,,,,,,,,,,,,,,,,,,,,,,,,,,,
,,,,,,,,,,,,,,,,,,,,,,,,,,,,,,,,,,,,,,,,,,,,
,,,,,,,,,,,,,,,,,,,,,,,,,,,,,,,,,,,,,,,,,,,,
,,,,,,,,,,,,,,,,,,,,,,,,,,,,,,,,,,,,,,,,,,,,
,,,,,,,,,,,,,,,,,,,,,,,,,,,,,,,,,,,,,,,,,,,,
,,,,,,,,,,,,,,,,,,,,,,,,,,,,,,,,,,,,,,,,,,,,
,,,,,,,,,,,,,,,,,,,,,,,,,,,,,,,,,,,,,,,,,,,,
,,,,,,,,,,,,,,,,,,,,,,,,,,,,,,,,,,,,,,,,,,,,
,,,,,,,,,,,,,,,,,,,,,,,,,,,,,,,,,,,,,,,,,,,,
,,,,,,,,,,,,,,,,,,,,,,,,,,,,,,,,,,,,,,,,,,,,
,,,,,,,,,,,,,,,,,,,,,,,,,,,,,,,,,,,,,,,,,,,,
,,,,,,,,,,,,,,,,,,,,,,,,,,,,,,,,,,,,,,,,,,,,
,,,,,,,,,,,,,,,,,,,,,,,,,,,,,,,,,,,,,,,,,,,,
,,,,,,,,,,,,,,,,,,,,,,,,,,,,,,,,,,,,,,,,,,,,
,,,,,,,,,,,,,,,,,,,,,,,,,,,,,,,,,,,,,,,,,,,,
,,,,,,,,,,,,,,,,,,,,,,,,,,,,,,,,,,,,,,,,,,,,
,,,,,,,,,,,,,,,,,,,,,,,,,,,,,,,,,,,,,,,,,,,,
,,,,,,,,,,,,,,,,,,,,,,,,,,,,,,,,,,,,,,,,,,,,
,,,,,,,,,,,,,,,,,,,,,,,,,,,,,,,,,,,,,,,,,,,,
,,,,,,,,,,,,,,,,,,,,,,,,,,,,,,,,,,,,,,,,,,,,
,,,,,,,,,,,,,,,,,,,,,,,,,,,,,,,,,,,,,,,,,,,,
,,,,,,,,,,,,,,,,,,,,,,,,,,,,,,,,,,,,,,,,,,,,
,,,,,,,,,,,,,,,,,,,,,,,,,,,,,,,,,,,,,,,,,,,,
,,,,,,,,,,,,,,,,,,,,,,,,,,,,,,,,,,,,,,,,,,,,
,,,,,,,,,,,,,,,,,,,,,,,,,,,,,,,,,,,,,,,,,,,,
,,,,,,,,,,,,,,,,,,,,,,,,,,,,,,,,,,,,,,,,,,,,
,,,,,,,,,,,,,,,,,,,,,,,,,,,,,,,,,,,,,,,,,,,,
,,,,,,,,,,,,,,,,,,,,,,,,,,,,,,,,,,,,,,,,,,,,
,,,,,,,,,,,,,,,,,,,,,,,,,,,,,,,,,,,,,,,,,,,,
,,,,,,,,,,,,,,,,,,,,,,,,,,,,,,,,,,,,,,,,,,,,
,,,,,,,,,,,,,,,,,,,,,,,,,,,,,,,,,,,,,,,,,,,,
,,,,,,,,,,,,,,,,,,,,,,,,,,,,,,,,,,,,,,,,,,,,
,,,,,,,,,,,,,,,,,,,,,,,,,,,,,,,,,,,,,,,,,,,,
,,,,,,,,,,,,,,,,,,,,,,,,,,,,,,,,,,,,,,,,,,,,
,,,,,,,,,,,,,,,,,,,,,,,,,,,,,,,,,,,,,,,,,,,,
,,,,,,,,,,,,,,,,,,,,,,,,,,,,,,,,,,,,,,,,,,,,
,,,,,,,,,,,,,,,,,,,,,,,,,,,,,,,,,,,,,,,,,,,,
,,,,,,,,,,,,,,,,,,,,,,,,,,,,,,,,,,,,,,,,,,,,
,,,,,,,,,,,,,,,,,,,,,,,,,,,,,,,,,,,,,,,,,,,,
,,,,,,,,,,,,,,,,,,,,,,,,,,,,,,,,,,,,,,,,,,,,
,,,,,,,,,,,,,,,,,,,,,,,,,,,,,,,,,,,,,,,,,,,,
,,,,,,,,,,,,,,,,,,,,,,,,,,,,,,,,,,,,,,,,,,,,
,,,,,,,,,,,,,,,,,,,,,,,,,,,,,,,,,,,,,,,,,,,,
,,,,,,,,,,,,,,,,,,,,,,,,,,,,,,,,,,,,,,,,,,,,
,,,,,,,,,,,,,,,,,,,,,,,,,,,,,,,,,,,,,,,,,,,,
,,,,,,,,,,,,,,,,,,,,,,,,,,,,,,,,,,,,,,,,,,,,
,,,,,,,,,,,,,,,,,,,,,,,,,,,,,,,,,,,,,,,,,,,,
,,,,,,,,,,,,,,,,,,,,,,,,,,,,,,,,,,,,,,,,,,,,
,,,,,,,,,,,,,,,,,,,,,,,,,,,,,,,,,,,,,,,,,,,,
,,,,,,,,,,,,,,,,,,,,,,,,,,,,,,,,,,,,,,,,,,,,
,,,,,,,,,,,,,,,,,,,,,,,,,,,,,,,,,,,,,,,,,,,,
,,,,,,,,,,,,,,,,,,,,,,,,,,,,,,,,,,,,,,,,,,,,
,,,,,,,,,,,,,,,,,,,,,,,,,,,,,,,,,,,,,,,,,,,,
,,,,,,,,,,,,,,,,,,,,,,,,,,,,,,,,,,,,,,,,,,,,
,,,,,,,,,,,,,,,,,,,,,,,,,,,,,,,,,,,,,,,,,,,,
,,,,,,,,,,,,,,,,,,,,,,,,,,,,,,,,,,,,,,,,,,,,
,,,,,,,,,,,,,,,,,,,,,,,,,,,,,,,,,,,,,,,,,,,,
,,,,,,,,,,,,,,,,,,,,,,,,,,,,,,,,,,,,,,,,,,,,
,,,,,,,,,,,,,,,,,,,,,,,,,,,,,,,,,,,,,,,,,,,,
,,,,,,,,,,,,,,,,,,,,,,,,,,,,,,,,,,,,,,,,,,,,
,,,,,,,,,,,,,,,,,,,,,,,,,,,,,,,,,,,,,,,,,,,,
,,,,,,,,,,,,,,,,,,,,,,,,,,,,,,,,,,,,,,,,,,,,
,,,,,,,,,,,,,,,,,,,,,,,,,,,,,,,,,,,,,,,,,,,,
,,,,,,,,,,,,,,,,,,,,,,,,,,,,,,,,,,,,,,,,,,,,
,,,,,,,,,,,,,,,,,,,,,,,,,,,,,,,,,,,,,,,,,,,,
,,,,,,,,,,,,,,,,,,,,,,,,,,,,,,,,,,,,,,,,,,,,
,,,,,,,,,,,,,,,,,,,,,,,,,,,,,,,,,,,,,,,,,,,,
,,,,,,,,,,,,,,,,,,,,,,,,,,,,,,,,,,,,,,,,,,,,
,,,,,,,,,,,,,,,,,,,,,,,,,,,,,,,,,,,,,,,,,,,,
,,,,,,,,,,,,,,,,,,,,,,,,,,,,,,,,,,,,,,,,,,,,
,,,,,,,,,,,,,,,,,,,,,,,,,,,,,,,,,,,,,,,,,,,,
,,,,,,,,,,,,,,,,,,,,,,,,,,,,,,,,,,,,,,,,,,,,
,,,,,,,,,,,,,,,,,,,,,,,,,,,,,,,,,,,,,,,,,,,,
,,,,,,,,,,,,,,,,,,,,,,,,,,,,,,,,,,,,,,,,,,,,
,,,,,,,,,,,,,,,,,,,,,,,,,,,,,,,,,,,,,,,,,,,,
,,,,,,,,,,,,,,,,,,,,,,,,,,,,,,,,,,,,,,,,,,,,
,,,,,,,,,,,,,,,,,,,,,,,,,,,,,,,,,,,,,,,,,,,,
,,,,,,,,,,,,,,,,,,,,,,,,,,,,,,,,,,,,,,,,,,,,
,,,,,,,,,,,,,,,,,,,,,,,,,,,,,,,,,,,,,,,,,,,,
,,,,,,,,,,,,,,,,,,,,,,,,,,,,,,,,,,,,,,,,,,,,
,,,,,,,,,,,,,,,,,,,,,,,,,,,,,,,,,,,,,,,,,,,,
,,,,,,,,,,,,,,,,,,,,,,,,,,,,,,,,,,,,,,,,,,,,
,,,,,,,,,,,,,,,,,,,,,,,,,,,,,,,,,,,,,,,,,,,,
,,,,,,,,,,,,,,,,,,,,,,,,,,,,,,,,,,,,,,,,,,,,
,,,,,,,,,,,,,,,,,,,,,,,,,,,,,,,,,,,,,,,,,,,,
,,,,,,,,,,,,,,,,,,,,,,,,,,,,,,,,,,,,,,,,,,,,
,,,,,,,,,,,,,,,,,,,,,,,,,,,,,,,,,,,,,,,,,,,,
,,,,,,,,,,,,,,,,,,,,,,,,,,,,,,,,,,,,,,,,,,,,
,,,,,,,,,,,,,,,,,,,,,,,,,,,,,,,,,,,,,,,,,,,,
,,,,,,,,,,,,,,,,,,,,,,,,,,,,,,,,,,,,,,,,,,,,
,,,,,,,,,,,,,,,,,,,,,,,,,,,,,,,,,,,,,,,,,,,,
,,,,,,,,,,,,,,,,,,,,,,,,,,,,,,,,,,,,,,,,,,,,
,,,,,,,,,,,,,,,,,,,,,,,,,,,,,,,,,,,,,,,,,,,,
,,,,,,,,,,,,,,,,,,,,,,,,,,,,,,,,,,,,,,,,,,,,
,,,,,,,,,,,,,,,,,,,,,,,,,,,,,,,,,,,,,,,,,,,,
,,,,,,,,,,,,,,,,,,,,,,,,,,,,,,,,,,,,,,,,,,,,
,,,,,,,,,,,,,,,,,,,,,,,,,,,,,,,,,,,,,,,,,,,,
,,,,,,,,,,,,,,,,,,,,,,,,,,,,,,,,,,,,,,,,,,,,
2/25/2011,56,-1.3,,0.2,,-5.7,,93,,96,,79,,-2.4,,-0.4,,-8.3,,34.8,,0.6,,1.5,,-18,,1001,,2.1,,0.7,,15,,66,,12.2,,1.6,,1.6,,1.5
2/26/2011,57,-4,,-0.2,,-8,,72,,88,,52,,-8.4,,-5.4,,-10.4,,0.3,,13.1,,17.5,,-20.2,,1015,,1.8,,1.4,,263,,37,,9.3,,1.5,,1.5,,1.5
2/27/2011,58,-4.2,,-2,,-7.2,,90,,93,,78,,-5.7,,-3.1,,-8.3,,4.8,,4.1,,6.1,,-15.7,,1013,,1.7,,1.5,,86,,30,,6.7,,1.5,,1.5,,1.5
2/28/2011,59,-1.6,,1.6,,-6.6,,92,,96,,69,,-2.8,,0.9,,-7.6,,14.7,,1.3,,2.9,,-4.2,,1006,,1.6,,0.5,,213,,65,,10.3,,1.5,,1.5,,1.5
3/1/2011,60,-2.7,,2.5,,-6.1,,48,,70,,21,,-12.8,,-5.5,,-18.5,,0,,16.4,,34.2,,-9.4,,1018,,1.9,,1.5,,296,,36,,10.3,,1.5,,1.5,,1.4
3/2/2011,61,-2.1,,5.8,,-11.2,,52,,81,,33,,-10.8,,-2.3,,-21.4,,0,,10.5,,22.1,,-18.6,,1015,,3.5,,2.5,,249,,43,,14.5,,1.4,,1.5,,1.4
3/3/2011,62,-10.2,,-3.4,,-16.8,,37,,59,,15,,-23,,-18.9,,-27,,0,,17.7,,37.1,,-9.3,,1030,,1.8,,1.5,,319,,34,,9,,1.4,,1.4,,1.4
3/4/2011,63,-5.2,,2.1,,-13.4,,43,,83,,20,,-16.9,,-4.9,,-25.2,,0,,16.8,,35.9,,0.2,,1034,,2.2,,1.7,,160,,39,,10.4,,1.4,,1.4,,1.4
3/5/2011,64,4.6,,10.8,,-2.6,,83,,95,,61,,1.8,,6.3,,-5.1,,0.5,,4.2,,10.1,,9.6,,1027,,3.4,,3.1,,182,,25,,12.6,,1.4,,1.4,,1.4
3/6/2011,65,7.5,,9.6,,0.7,,92,,95,,85,,6.3,,8.6,,0,,55.9,,2,,5.6,,19.4,,1014,,3.3,,2.8,,186,,33,,12.5,,0.9,,1.5,,0.1
3/7/2011,66,-1.8,,2.7,,-6.2,,86,,96,,65,,-4,,2,,-9.4,,41.4,,6.7,,17.3,,-28.3,,1008,,2.5,,1.9,,311,,40,,13.6,,0.1,,0.3,,0
3/8/2011,67,-2.6,,5.3,,-8.8,,60,,88,,29,,-10,,-6.2,,-15.2,,0,,17.3,,37.9,,11.7,,1030,,1.4,,1,,337,,45,,7,,0.4,,0.5,,0.2
3/9/2011,68,-2.1,,0.8,,-5.1,,72,,83,,59,,-6.6,,-4.3,,-9.9,,0,,10.6,,23.8,,12.2,,1034,,2.7,,2.3,,95,,29,,10.1,,0.6,,0.7,,0.5
3/10/2011,69,0.6,,2.4,,-2,,90,,94,,82,,-0.9,,1.5,,-4.5,,1.3,,3.2,,8.1,,10.6,,1024,,4,,3.7,,95,,25,,12.9,,0.7,,0.8,,0.7
3/11/2011,70,5.6,,9.6,,2,,90,,94,,72,,4,,7.4,,-2.1,,16.3,,4.1,,9.9,,5.1,,1009,,2.8,,1.8,,117,,49,,14.5,,0.7,,0.8,,0.7
3/12/2011,71,2.2,,6.9,,-1.5,,74,,93,,50,,-2.1,,0,,-4,,0,,12.2,,26.9,,37.5,,1006,,2,,1.8,,249,,26,,13,,0.8,,0.9,,0.7
3/13/2011,72,2.4,,4.7,,0,,74,,93,,57,,-1.9,,0.8,,-3.7,,0,,5.7,,13.1,,19.2,,1012,,1.8,,1.6,,275,,27,,10.3,,1,,1.1,,0.9
3/14/2011,73,0.1,,2.9,,-3,,76,,93,,51,,-3.9,,-1.9,,-6.7,,0,,8,,17.9,,20.9,,1023,,0.9,,0.5,,353,,54,,5.4,,1.3,,1.8,,1
3/15/2011,74,-0.1,,5.3,,-5.1,,74,,94,,47,,-4.4,,-2.4,,-6.8,,0,,18.3,,39.4,,58.8,,1027,,1.5,,1,,186,,43,,8.7,,1.7,,2.5,,1
3/16/2011,75,0.9,,4.2,,-1.4,,91,,95,,82,,-0.3,,3,,-3.9,,19.6,,3.4,,8.4,,12.8,,1018,,1.3,,0.4,,119,,65,,7.9,,1.9,,2.3,,1.6
3/17/2011,76,7,,15.1,,-0.8,,63,,96,,27,,-0.8,,2.5,,-4.6,,0,,19.2,,41.3,,82.6,,1017,,1.5,,1.1,,247,,40,,10,,3,,4.5,,1.8
3/18/2011,77,10.5,,16.7,,4,,46,,66,,17,,-1.5,,7,,-9,,0,,17,,36.9,,70.6,,1008,,3.1,,2.5,,251,,35,,17.9,,4.5,,5.6,,3.6
3/19/2011,78,2.6,,6.1,,-2.9,,50,,70,,29,,-7.2,,-1.3,,-13.2,,0,,13.8,,28.9,,46.3,,1020,,1.6,,1.2,,315,,41,,9.3,,4.5,,5.1,,4
3/20/2011,79,0,,6.1,,-5.7,,41,,61,,18,,-12.4,,-7.8,,-16.8,,0,,19.9,,41.8,,66.4,,1032,,1.3,,0.2,,239,,74,,5.8,,3.7,,4.6,,2.8
3/21/2011,80,-0.6,,0,,-1.7,,83,,96,,54,,-3.4,,-0.9,,-8.5,,5.6,,3.3,,8.1,,-8.2,,1018,,2,,1.7,,154,,33,,9.7,,3.2,,4,,2.9
3/22/2011,81,0,,3.5,,-2.6,,84,,96,,60,,-2.4,,-0.3,,-5.9,,0,,6.5,,15,,7.1,,1011,,1.1,,0.8,,324,,39,,7.8,,2.8,,2.9,,2.5
3/23/2011,82,-2.1,,0.1,,-4.2,,58,,78,,34,,-9.5,,-5.3,,-14.7,,0,,7.5,,16.8,,20.8,,1007,,1.1,,0.6,,341,,50,,6.7,,2.2,,2.5,,1.9
3/24/2011,83,-0.9,,4.4,,-4.7,,55,,84,,29,,-9.4,,-5.8,,-14.7,,0,,14.8,,31,,57.6,,1004,,1.5,,1,,337,,44,,8,,2.4,,3.3,,1.8
3/25/2011,84,-2.4,,3.2,,-6.3,,50,,80,,25,,-12.3,,-8.2,,-17.8,,0,,18.9,,38.5,,63.3,,1008,,2,,1.7,,284,,28,,10.2,,2.4,,3,,1.8
3/26/2011,85,-4,,1,,-9.4,,42,,67,,25,,-15.4,,-11.8,,-17.7,,0,,20.5,,43.4,,67.8,,1009,,2.4,,2,,291,,30,,11.4,,2,,2.5,,1.6
3/27/2011,86,-2.7,,3.3,,-7.6,,37,,65,,14,,-16.7,,-12.9,,-23.4,,0,,22.3,,46.7,,76.1,,1008,,2.8,,2.5,,281,,27,,13,,1.9,,2.4,,1.4
3/28/2011,87,-1,,5.8,,-6.7,,36,,51,,21,,-14.5,,-9.8,,-19.2,,0,,21.7,,46.8,,84.7,,1008,,2.7,,2.4,,281,,28,,11.2,,2,,2.7,,1.5
3/29/2011,88,-0.2,,4.7,,-4.8,,47,,64,,32,,-10.4,,-7.3,,-13.2,,0,,19.7,,42.3,,70.6,,1013,,2.1,,1.8,,296,,30,,11.1,,2.4,,3.2,,1.7
3/30/2011,89,3.1,,11,,-4.3,,46,,76,,19,,-8.5,,-4.1,,-12.3,,0,,22.3,,47.6,,92.1,,1016,,1.5,,0.7,,319,,58,,9.7,,2.9,,4.2,,1.9
3/31/2011,90,2,,6.8,,-1.2,,67,,95,,39,,-3.9,,-1.6,,-7.2,,4.1,,8.1,,18.2,,38.1,,1010,,2,,1.7,,88,,33,,8.2,,3.6,,4.1,,3.2
4/1/2011,91,-0.2,,2.4,,-1.7,,93,,95,,85,,-1.2,,0.7,,-2.5,,9.6,,5,,11.5,,-21.9,,993,,1.9,,0.9,,350,,57,,8.1,,3.3,,3.7,,2.9
4/2/2011,92,2.6,,9,,-1.5,,72,,94,,40,,-2.3,,0.4,,-5,,0,,13.8,,27.4,,36.6,,996,,1.8,,1.5,,277,,29,,11.9,,2.9,,3,,2.8
4/3/2011,93,4,,10,,-1,,41,,75,,16,,-9.6,,-4.1,,-15.9,,0,,23.2,,49.5,,99.1,,1007,,2.2,,1.7,,290,,37,,12.6,,3,,4.1,,2.1
4/4/2011,94,4.1,,7.3,,0.5,,76,,94,,36,,-0.1,,6.3,,-11,,11.2,,2.8,,7.2,,3.5,,1006,,2.1,,1.6,,143,,38,,14.5,,3.3,,3.8,,3
4/5/2011,95,5.6,,12.8,,-0.3,,88,,96,,56,,3.6,,12.1,,-7.3,,5.1,,2.9,,7.6,,-2.7,,994,,3.2,,2.2,,244,,45,,13.1,,4.4,,4.9,,3.8
4/6/2011,96,2.5,,9.4,,-2.9,,55,,91,,28,,-6.2,,-2.2,,-9.1,,0,,16,,32.3,,58.1,,1010,,2.4,,2.1,,267,,31,,12.5,,4,,4.6,,3.3
4/7/2011,97,3.5,,10.9,,-3.3,,50,,91,,16,,-7.9,,-2.2,,-14.5,,0,,24.3,,51.6,,99.1,,1017,,1.2,,0.6,,14,,56,,5.5,,4.5,,6,,3.2
4/8/2011,98,4.4,,11,,-2.5,,41,,67,,19,,-8.7,,-4.5,,-12.9,,0,,18.1,,38.8,,66.8,,1020,,1.1,,0.2,,223,,71,,7,,5,,6,,3.9
4/9/2011,99,7.4,,15.2,,-1.9,,48,,91,,22,,-4.5,,-0.3,,-8.4,,0,,22.6,,49,,98.5,,1018,,1.4,,1,,228,,42,,7.7,,5.5,,7,,4.1
4/10/2011,100,9.2,,15.6,,1.7,,51,,83,,35,,-0.6,,5.3,,-8,,0.8,,19.3,,42.5,,92.1,,1018,,2.2,,1.9,,206,,31,,9.9,,6.5,,7.7,,5.3
4/11/2011,101,13.6,,21,,7.3,,80,,95,,55,,9.9,,13.1,,4.4,,0,,13.4,,30.9,,76.2,,1004,,2.9,,2.5,,212,,29,,11.3,,7.9,,9.2,,7
4/12/2011,102,12.1,,15.9,,6,,46,,74,,19,,-0.1,,10.7,,-9.3,,0.3,,11,,24,,41.5,,1011,,2.4,,0.8,,328,,66,,13.9,,8.9,,9.2,,8.4
4/13/2011,103,4.8,,6.5,,3.7,,89,,95,,68,,3,,4.4,,0.9,,21.6,,3.1,,8.2,,-0.1,,1014,,2.7,,2.3,,75,,33,,14,,7.7,,8.7,,7.3
4/14/2011,104,8.4,,17,,2.9,,67,,96,,26,,1.7,,5.4,,-3.7,,0,,19.8,,43.5,,99.8,,1015,,1.5,,1.1,,323,,41,,9.4,,8,,9.4,,6.9
4/15/2011,105,4.7,,12.3,,-1.5,,41,,75,,13,,-9.1,,-1.8,,-17.7,,0,,25.1,,53.2,,106.8,,1028,,1.4,,0.4,,53,,67,,6.8,,8.2,,9.5,,7
4/16/2011,106,2,,5.5,,-1.7,,70,,92,,38,,-3.3,,4.2,,-8.2,,15,,7.6,,17.2,,28,,1021,,3.5,,3.1,,99,,27,,14.9,,7.3,,8.5,,6.6
4/17/2011,107,8.2,,11.4,,2.8,,75,,95,,35,,3.5,,9.9,,-3.8,,24.4,,12.9,,26.4,,60.8,,1001,,3,,1.1,,242,,64,,18.8,,7.3,,8.3,,6.5
4/18/2011,108,7.2,,13.2,,0.2,,56,,93,,26,,-1.8,,4.8,,-7.3,,0,,19.8,,43,,94.9,,1012,,2.3,,2,,250,,29,,10.8,,7.9,,8.8,,6.8
4/19/2011,109,5.2,,7.9,,3,,85,,93,,72,,2.9,,4.3,,1,,7.9,,3.6,,8.8,,2.8,,1017,,0.8,,0.5,,20,,48,,5.7,,8.1,,8.5,,7.8
4/20/2011,110,4.5,,6.6,,2.9,,91,,96,,81,,3.2,,5.9,,1.1,,0,,3.9,,9.7,,15.3,,1011,,2,,1.5,,94,,39,,10.6,,7.5,,7.8,,7.3
4/21/2011,111,4.3,,8.9,,-2.2,,57,,95,,33,,-4,,5.1,,-8.7,,0,,17.6,,31,,72,,1017,,3,,2.6,,280,,30,,16.3,,7.4,,8.1,,6.8
4/22/2011,112,4.9,,11.2,,-2.7,,46,,78,,20,,-7,,-2.4,,-11.6,,0,,19.4,,42,,95,,1027,,1.5,,0.5,,151,,64,,6.8,,7.2,,8.5,,6
4/23/2011,113,4.8,,10.2,,-0.1,,86,,95,,42,,2.4,,9.5,,-7.7,,18.8,,3,,8.3,,6,,1019,,2.2,,1.7,,151,,41,,10,,7.1,,8,,6.5
4/24/2011,114,13.2,,19.1,,10,,79,,96,,45,,9.2,,13.5,,6.4,,1,,14,,31.4,,67.1,,1015,,1.4,,1.1,,264,,35,,8.4,,8.3,,9.6,,7
4/25/2011,115,11.3,,15,,9.3,,88,,96,,61,,9.2,,11,,7.1,,1.5,,6.5,,15.8,,25.3,,1017,,1.2,,0.8,,100,,43,,6.4,,9.6,,10.2,,9.1
4/26/2011,116,15.1,,26.9,,8.9,,83,,96,,41,,11.8,,18,,8.2,,0.8,,15,,34.6,,99.3,,1015,,2.1,,1.2,,142,,52,,9.1,,10.6,,12.1,,9.6
4/27/2011,117,18.8,,23.8,,16.3,,85,,95,,62,,16.2,,17.8,,15.2,,2.5,,13.9,,32.8,,92,,1015,,3,,2.6,,195,,28,,12.8,,12.5,,13.6,,11.7
4/28/2011,118,17,,20.2,,13,,91,,95,,79,,15.6,,16.9,,12,,15.8,,3.4,,8.8,,8.2,,1006,,3.7,,3.2,,197,,28,,16,,13.3,,13.6,,13.1
4/29/2011,119,13.3,,19.7,,6.2,,59,,94,,29,,4.5,,12.1,,0.7,,0,,23.2,,45.7,,128.5,,1006,,1.7,,1,,258,,50,,9.7,,13.1,,14,,12.2
4/30/2011,120,10.5,,16.7,,5.5,,52,,74,,28,,0.5,,4.9,,-2.2,,0,,18.4,,37.5,,90.4,,1016,,1.5,,1.1,,329,,39,,8.7,,12.6,,13.3,,12.1
5/1/2011,121,11.3,,20.3,,4.8,,44,,74,,13,,-1.8,,3.9,,-9.6,,0,,27.1,,58.8,,141.1,,1024,,1.8,,1,,82,,53,,9.3,,12.3,,13.5,,11.1
5/2/2011,122,10.9,,17.1,,2.1,,61,,89,,40,,3.1,,6.8,,-0.8,,0,,18.8,,40.2,,107.2,,1022,,1.5,,1.2,,207,,38,,8,,12.2,,13,,11.3
5/3/2011,123,16.1,,24.1,,9.5,,66,,88,,44,,9.6,,13,,5.2,,0,,14.2,,32.8,,83.4,,1018,,2.2,,1.9,,159,,31,,9,,12.8,,13.6,,12
5/4/2011,124,10.1,,14.1,,4.4,,92,,95,,84,,8.9,,12.7,,3.1,,12.4,,2.6,,6.7,,4,,1012,,1.6,,0.8,,253,,58,,7.3,,12.9,,13.3,,12.3
5/5/2011,125,6.1,,10.1,,2.7,,80,,93,,54,,2.7,,5.6,,0.3,,1.3,,13.1,,27.4,,38.5,,1009,,1.7,,1.4,,286,,35,,10.4,,11.9,,12.3,,11.4
5/6/2011,126,11.7,,19.3,,3,,45,,91,,18,,-1.2,,4.3,,-6.5,,0,,24.7,,54,,124.3,,1010,,2.3,,1.8,,224,,38,,9.8,,11.6,,12.7,,10.6
5/7/2011,127,13.3,,20,,8.3,,63,,87,,26,,5.6,,9.4,,-0.2,,0,,20.9,,44.8,,119.4,,1009,,1.5,,0.6,,228,,61,,10.8,,12.4,,13.5,,11.4
5/8/2011,128,11.8,,17.3,,6.7,,72,,91,,40,,6.6,,9.5,,2.7,,0.3,,10.8,,25,,43.7,,1012,,1,,0.6,,35,,47,,6.3,,12.6,,13,,12
5/9/2011,129,13.3,,19.1,,7.5,,44,,82,,23,,0.4,,5.4,,-3.2,,0,,19.4,,57.8,,153.5,,1014,,1.7,,1.2,,350,,43,,11,,12.7,,13.8,,11.7
5/10/2011,130,11.6,,17.5,,6.1,,57,,87,,40,,3,,6.9,,-2.3,,0,,10.2,,30.1,,70.5,,1015,,1.9,,1.3,,35,,43,,9.7,,12.5,,13,,11.9
5/11/2011,131,11.3,,17.8,,7.6,,74,,92,,48,,6.6,,9.9,,3.2,,0.5,,8.3,,24.1,,42.6,,1018,,1.7,,1.3,,45,,38,,7.9,,12.3,,12.9,,11.9
5/12/2011,132,12.6,,19.4,,4.9,,62,,86,,41,,5.1,,9.3,,2.3,,0,,19.6,,57.3,,154.4,,1017,,1.5,,0.9,,75,,48,,8.3,,12.9,,14.3,,11.5
5/13/2011,133,14.1,,22.9,,5.5,,63,,91,,34,,6.5,,11.2,,4.2,,0,,19.9,,60.1,,156.6,,1012,,1.4,,0.5,,165,,62,,6.6,,13.7,,15.3,,12.2
5/14/2011,134,12.9,,18.4,,8.3,,77,,92,,57,,8.9,,11.9,,6.2,,2.3,,7.2,,21.3,,53.2,,1009,,1.5,,1,,181,,47,,6,,13.9,,14.4,,13.3
5/15/2011,135,11.9,,15.1,,8.4,,93,,95,,91,,10.8,,14.1,,7.3,,27.7,,3.6,,9.5,,10.7,,1006,,2.3,,1.4,,105,,50,,12.2,,13.6,,13.9,,13.3
5/16/2011,136,8.6,,10.9,,7.1,,91,,93,,82,,7.2,,8.3,,6.1,,2.8,,8,,19.5,,46.6,,1010,,3,,2.7,,77,,27,,11.8,,13,,13.4,,12.7
5/17/2011,137,8.4,,11,,7.1,,92,,94,,84,,7.2,,8.9,,6.1,,15.5,,9.8,,23.6,,62.3,,1016,,3.4,,3.1,,74,,24,,10.7,,12.4,,12.8,,11.9
5/18/2011,138,10.6,,13.1,,8.7,,93,,94,,89,,9.5,,11.4,,7.8,,8.1,,9,,21.4,,54.1,,1019,,3.2,,2.9,,73,,23,,9.6,,12.5,,13,,11.9
5/19/2011,139,13.4,,18.8,,9.7,,90,,94,,73,,11.9,,15,,8.8,,7.1,,12.7,,27.5,,83.4,,1017,,2.4,,2.1,,78,,26,,8.9,,13.2,,14.2,,12.3
5/20/2011,140,14.9,,21.1,,11.8,,86,,95,,54,,12.4,,15.2,,11,,0.3,,11.4,,25.7,,65.2,,1014,,1.3,,0.8,,85,,48,,7.4,,14.1,,14.8,,13.5
5/21/2011,141,15.4,,22.5,,8.8,,84,,95,,42,,12.5,,15.9,,8,,5.6,,14.3,,24.7,,92.8,,1014,,1.3,,0.5,,52,,58,,10.1,,14.9,,15.8,,14.1
5/22/2011,142,11.2,,17.4,,7.9,,83,,95,,61,,8.3,,12.4,,7,,0.3,,15.7,,34.5,,108.4,,1019,,1.6,,1.2,,114,,39,,7,,15,,15.6,,14.4
5/23/2011,143,11.9,,16.3,,8.9,,93,,95,,89,,10.9,,15.5,,7.7,,4.1,,3.5,,8.2,,11,,1015,,2.3,,2.1,,172,,24,,9.4,,14.4,,15.1,,14.2
5/24/2011,144,18.4,,23.5,,14.1,,87,,96,,67,,16.1,,19.2,,12.7,,1.3,,13.3,,27.8,,86.4,,1008,,1.7,,1.3,,209,,35,,10.2,,15.2,,16.4,,14.3
5/25/2011,145,18.5,,25.7,,11.6,,66,,94,,28,,11,,14.6,,5.3,,0,,26.4,,51,,163.2,,1013,,1.2,,0.3,,219,,67,,6.1,,16.2,,17.7,,14.8
5/26/2011,146,20,,26.9,,12.9,,74,,91,,51,,14.8,,18,,10.9,,0,,24.4,,55.6,,156.8,,1014,,2.5,,2.1,,176,,30,,11,,17,,18.3,,15.8
5/27/2011,147,22.6,,30.6,,16.6,,68,,95,,32,,15.6,,18.4,,10.9,,0,,24.4,,55.5,,152.6,,1015,,1.5,,1.2,,183,,37,,9.2,,18.2,,19.6,,16.9
5/28/2011,148,20.5,,26.8,,17.1,,83,,94,,53,,17.3,,21,,14.9,,3,,17,,34.6,,103.5,,1017,,2,,1.7,,173,,29,,10.3,,18.6,,19.7,,17.7
5/29/2011,149,21.7,,27.1,,18.4,,79,,91,,56,,17.6,,19.7,,16.7,,0,,20.2,,43.9,,138.5,,1018,,2,,1.7,,198,,32,,8.8,,19.2,,20.4,,18.2
5/30/2011,150,22.4,,29.9,,18.5,,72,,94,,34,,16.5,,20.5,,10.9,,0,,18.8,,43,,118.5,,1018,,1.1,,0.3,,287,,68,,5.9,,19.6,,20.8,,18.6
5/31/2011,151,22.6,,28.7,,16.1,,51,,77,,31,,11.3,,16.6,,6.3,,0,,26.6,,61.4,,177.5,,1022,,1.3,,0.7,,152,,56,,7.1,,19.8,,21.1,,18.5
6/1/2011,152,20.8,,28.4,,15.6,,78,,92,,57,,16.8,,21.5,,9.5,,5.1,,17.9,,41.1,,107.2,,1014,,2,,1.5,,193,,40,,11.9,,20,,21.1,,18.9
6/2/2011,153,13.7,,18.9,,8.7,,61,,83,,40,,6.2,,12.6,,2.7,,0,,15,,31.7,,70.9,,1010,,1.8,,1.3,,271,,40,,12.6,,18.8,,20.1,,17.7
6/3/2011,154,12.5,,19.7,,5.4,,53,,89,,23,,2.3,,7.6,,-2.6,,0,,28.4,,59.2,,170.4,,1015,,1.5,,1,,323,,47,,11.7,,17.5,,18.8,,16.2
6/4/2011,155,13.9,,22.5,,6.9,,51,,74,,21,,3,,8.2,,-1.9,,0,,27,,57.3,,156.9,,1016,,1.5,,0.6,,47,,61,,8.7,,17.3,,18.6,,15.9
6/5/2011,156,14.5,,20.4,,5.2,,64,,87,,39,,7.4,,12.1,,2.7,,0,,22.5,,47.5,,146.2,,1017,,0.9,,0.2,,200,,69,,5.8,,17.2,,18.3,,15.9
6/6/2011,157,18.8,,26.4,,11.5,,61,,92,,30,,10.2,,15.3,,6.9,,0,,25.8,,49.7,,163.5,,1016,,0.9,,0.5,,346,,50,,6.6,,17.8,,19.2,,16.5
6/7/2011,158,21.6,,29.7,,13.3,,58,,90,,25,,12,,16.9,,6.7,,0,,27.5,,62.8,,185.5,,1012,,0.9,,0.2,,301,,69,,5.8,,18.4,,20,,16.9
6/8/2011,159,23.8,,30.7,,17.4,,67,,84,,46,,17.1,,21.2,,13.8,,0,,22.5,,50.7,,144.9,,1011,,0.8,,0.3,,234,,60,,5.7,,19.2,,20.6,,18
6/9/2011,160,20.3,,28.8,,16.6,,84,,95,,56,,17.4,,21.7,,15.7,,20.3,,16.1,,37.2,,109.4,,1010,,1,,0.5,,223,,51,,12.4,,19.9,,21.3,,18.7
6/10/2011,161,19.8,,25.3,,16,,76,,95,,40,,15,,18.6,,9.9,,0,,20,,48.9,,156.1,,1015,,1.1,,0.4,,7,,60,,6.3,,20.2,,21.6,,18.9
6/11/2011,162,12.5,,16.4,,9.8,,91,,93,,88,,11.1,,14.9,,8.6,,8.1,,2.8,,7.5,,-6.2,,1018,,1.8,,1.5,,101,,35,,8.5,,19,,20.5,,17.9
6/12/2011,163,10.9,,13.1,,8.9,,90,,94,,83,,9.3,,10.6,,7.8,,1.8,,8,,19.1,,47.3,,1012,,1.5,,1.2,,71,,35,,9,,17.4,,17.9,,17
6/13/2011,164,14.8,,19.9,,10.7,,79,,94,,51,,10.9,,13.8,,8.8,,0,,15.5,,32.6,,104.3,,1010,,1.1,,0.4,,84,,61,,6.9,,17.6,,18.5,,16.7
6/14/2011,165,11.8,,15.2,,8.4,,86,,93,,69,,9.6,,11.5,,7.3,,2.8,,10.6,,24.6,,38.7,,1011,,1,,0.7,,52,,42,,6.4,,17.5,,18,,17
6/15/2011,166,16.2,,25.3,,8.6,,75,,94,,35,,11.3,,17,,7.6,,1,,21.9,,49.4,,140.2,,1010,,0.9,,0.4,,350,,59,,11.4,,17.7,,19.3,,16.3
6/16/2011,167,19.5,,27.6,,11.8,,71,,95,,26,,13.1,,17.9,,6.2,,0.3,,24.6,,60.3,,180.5,,1013,,1,,0.7,,218,,41,,6.5,,18.9,,20.6,,17.4
6/17/2011,168,17.2,,19.6,,14.5,,88,,94,,65,,15.1,,17.7,,10.6,,14.7,,6.1,,15.1,,13.5,,1012,,1.5,,1.3,,174,,32,,7,,18.8,,19.6,,18.4
6/18/2011,169,19.6,,26.7,,14.6,,79,,95,,43,,15.4,,19.2,,12.7,,0,,22,,41.8,,160.7,,1009,,1,,0.6,,255,,52,,6.8,,19.1,,20.7,,17.9
6/19/2011,170,17.3,,23.1,,12.9,,56,,91,,27,,7.7,,15.6,,1.4,,0,,27.6,,60.6,,166.7,,1010,,1.1,,0.6,,338,,53,,7.1,,19.5,,20.6,,18.4
6/20/2011,171,18.2,,25.7,,10.2,,58,,79,,34,,9.3,,14.5,,4.7,,0,,26.7,,60.2,,172.9,,1011,,0.9,,0.4,,330,,60,,6,,19.2,,20.5,,17.9
6/21/2011,172,20.2,,27.8,,12.1,,61,,87,,32,,11.9,,16.9,,8.3,,0,,26.4,,61.1,,180.5,,1013,,0.9,,0.3,,57,,61,,4.7,,19.5,,20.8,,18.2
6/22/2011,173,17.6,,18.9,,16.4,,91,,94,,75,,16.1,,17,,14,,43.4,,3.8,,9.6,,6.6,,1012,,1.6,,1.3,,81,,29,,8,,19.2,,20,,18.9
6/23/2011,174,15.8,,17.1,,13.7,,93,,94,,91,,14.7,,15.7,,12.7,,9.1,,4.8,,11.8,,14.9,,1010,,2.2,,1.9,,80,,28,,9.8,,18.6,,18.9,,18.2
6/24/2011,175,12.7,,15,,10.7,,93,,94,,87,,11.6,,13.1,,9.6,,0.8,,7.2,,16,,36.4,,1008,,2.1,,1.8,,80,,31,,9.3,,17.9,,18.3,,17.6
6/25/2011,176,15.2,,23.4,,10.3,,88,,95,,59,,13.1,,17.3,,9.3,,15.5,,14.7,,32.3,,99.9,,1009,,1,,0.3,,96,,63,,5.4,,17.8,,19,,17.1
6/26/2011,177,18.8,,23.7,,14.5,,82,,95,,58,,15.5,,17.7,,13.7,,0.3,,20.8,,45.5,,134.6,,1013,,0.8,,0.5,,280,,46,,5.3,,19,,20.2,,18
6/27/2011,178,20.6,,27.7,,14.2,,73,,95,,40,,15.1,,18.3,,12.3,,0,,26.2,,54.2,,180.8,,1016,,0.9,,0.2,,265,,65,,5.4,,19.7,,21.2,,18.4
6/28/2011,179,21.6,,27.1,,15.4,,76,,93,,51,,17,,19.7,,14.3,,0,,19.6,,43.2,,128.8,,1012,,1.1,,0.7,,169,,49,,5.4,,20.4,,21.4,,19.4
6/29/2011,180,19.6,,24.8,,14.5,,75,,95,,45,,14.7,,18.6,,10.4,,11.2,,22.5,,43.9,,153.1,,1010,,1.3,,0.8,,270,,46,,9.7,,20.9,,21.9,,20
6/30/2011,181,18.3,,24.7,,12.2,,65,,92,,39,,11.1,,15,,7.8,,0,,22.4,,45,,134.9,,1013,,1.1,,0.7,,266,,44,,7.6,,20.5,,21.3,,19.5
7/1/2011,182,18.1,,25.2,,11.2,,67,,88,,43,,11.6,,15.6,,7.2,,0,,21.8,,44.3,,136.4,,1015,,0.9,,0.5,,330,,53,,6.2,,19.9,,20.9,,18.9
7/2/2011,183,20.7,,27.9,,14.2,,70,,92,,34,,14.4,,17.5,,10.6,,0,,24.4,,46.1,,153.6,,1017,,0.8,,0.2,,103,,67,,5.3,,20.1,,21.2,,19
7/3/2011,184,19.8,,22.8,,17.2,,85,,94,,71,,17.1,,19.4,,13.9,,2,,11.3,,25.2,,51.9,,1011,,1.3,,1,,199,,38,,6,,20.2,,20.7,,19.7
7/4/2011,185,22.4,,29.2,,17.7,,74,,95,,44,,17.2,,21.1,,15.1,,0,,24.9,,54.7,,174.5,,1009,,1,,0.5,,236,,56,,6,,21,,22.5,,19.8
7/5/2011,186,22.8,,29.1,,17,,70,,93,,37,,16.4,,20.6,,11.5,,0,,24.4,,52.1,,163,,1013,,0.8,,0.1,,262,,68,,5.7,,21.5,,22.6,,20.4
7/6/2011,187,22.4,,29.8,,15.9,,69,,94,,39,,15.5,,19.3,,12.5,,2.3,,26.6,,61.6,,184.2,,1012,,1.1,,0.4,,213,,61,,12.9,,21.6,,23,,20.4
7/7/2011,188,20.9,,27,,16.4,,71,,95,,39,,14.9,,19.2,,10.7,,0,,24.8,,48.4,,162.7,,1014,,0.9,,0.4,,340,,56,,6.4,,22,,23.2,,20.8
7/8/2011,189,19.4,,23.3,,15.6,,85,,94,,68,,16.8,,19.9,,11.1,,4.6,,11,,24.9,,61.4,,1012,,1.2,,0.9,,103,,39,,5.8,,21.5,,22,,20.8
7/9/2011,190,20.6,,25.9,,14.6,,69,,95,,37,,14.1,,19.1,,9.1,,1,,26.8,,59.1,,178.2,,1011,,1.2,,0.7,,329,,50,,8.2,,21.9,,23.5,,20.7
7/10/2011,191,20.4,,26.5,,12,,63,,87,,35,,12.7,,16.3,,8.9,,0,,27.6,,62.6,,184.4,,1017,,1,,0.3,,216,,64,,6.9,,21.7,,23.2,,20.3
7/11/2011,192,24.3,,30.4,,17.7,,69,,94,,42,,17.9,,21,,14.4,,0,,24,,53.7,,165,,1013,,1.3,,1.1,,200,,33,,7,,22.2,,23.6,,20.8
7/12/2011,193,25.2,,30,,20.6,,70,,90,,46,,19.1,,21.9,,16.4,,0,,21.9,,45.9,,147.9,,1006,,1.4,,0.9,,254,,45,,9.4,,22.9,,24,,21.9
7/13/2011,194,20.3,,27.2,,14.2,,74,,93,,45,,15.2,,19.6,,11.2,,5.3,,17.9,,37.2,,112.5,,1007,,1,,0.5,,321,,53,,8.4,,22.4,,23.2,,21.5
7/14/2011,195,18.2,,25.1,,12.2,,66,,94,,32,,11,,14.9,,5.7,,1,,18,,56.2,,153.6,,1015,,1,,0.6,,37,,49,,9.2,,21.7,,22.9,,20.4
7/15/2011,196,20.2,,27.7,,13.5,,59,,85,,25,,11.1,,15.6,,5.6,,0,,15.9,,60.1,,165.8,,1017,,1,,0.3,,359,,66,,6.4,,21.5,,22.9,,20.1
7/16/2011,197,21.7,,28.8,,14.1,,62,,89,,31,,13.4,,17.4,,8.7,,0,,16.5,,57.9,,164.3,,1019,,0.8,,0.2,,281,,65,,5.4,,21.5,,22.8,,20.2
7/17/2011,198,23.9,,30.8,,16.3,,65,,93,,34,,16.1,,18.9,,12.4,,0,,16.6,,59.1,,168.1,,1018,,1.1,,0.7,,235,,44,,8.6,,21.9,,23.3,,20.5
7/18/2011,199,22.3,,27.1,,19.3,,82,,95,,57,,19,,22.2,,17.2,,10.2,,9.5,,30.6,,67.7,,1012,,1,,0.6,,235,,45,,7,,22,,22.7,,21.3
7/19/2011,200,22.2,,28.8,,16.7,,71,,95,,30,,16,,20.7,,9,,0.3,,24.6,,54.2,,158.9,,1011,,0.9,,0.5,,5,,48,,5.7,,22.3,,23.8,,21
7/20/2011,201,23,,29.3,,15.9,,70,,90,,47,,16.8,,21.5,,12.9,,0,,23,,51.7,,147.3,,1011,,1.5,,0.9,,192,,53,,8.5,,22.3,,23.6,,21
7/21/2011,202,25.9,,32.8,,20.2,,80,,94,,51,,21.8,,24.9,,18.7,,0,,19.9,,43.8,,140.2,,1008,,1.8,,1.4,,208,,34,,9.4,,22.8,,24,,21.8
7/22/2011,203,28.3,,35.6,,22.4,,59,,90,,20,,17.8,,25.5,,8.5,,0,,26.4,,60.2,,174.7,,1011,,1.2,,0.7,,255,,51,,8.2,,23.6,,24.9,,22.5
7/23/2011,204,24.8,,32,,17.4,,70,,95,,44,,18.5,,23,,14.8,,6.9,,20.3,,47.3,,144.4,,1013,,0.9,,0.3,,256,,64,,5.6,,23.5,,25,,22.1
7/24/2011,205,23.1,,29.3,,18.6,,73,,93,,42,,17.8,,20.4,,14.5,,0.3,,15.6,,35.1,,94,,1013,,0.9,,0.3,,41,,60,,4.9,,23.3,,24.3,,22.6
7/25/2011,206,17.5,,21.4,,14.4,,83,,94,,62,,14.5,,16.4,,12.4,,13.2,,5.3,,12.4,,25.6,,1012,,1.4,,1.1,,129,,35,,5.7,,22,,23.3,,21
7/26/2011,207,18.6,,26.9,,14.5,,87,,94,,53,,16.2,,20,,13.3,,1.8,,15.5,,35,,103.9,,1007,,1,,0.7,,204,,45,,5.2,,21.6,,23,,20.5
7/27/2011,208,19.4,,26.5,,13.4,,75,,95,,44,,14.4,,17.5,,12.2,,0.3,,22.5,,45,,146.4,,1012,,0.8,,0.4,,343,,58,,6.2,,21.7,,23.1,,20.3
7/28/2011,209,20.8,,26.9,,14.3,,70,,92,,40,,14.5,,17.6,,11.6,,0,,23.6,,53.5,,152.3,,1017,,0.9,,0.1,,179,,72,,4.8,,21.9,,23.3,,20.6
7/29/2011,210,20.8,,23.3,,18.7,,89,,95,,78,,18.9,,21,,15.8,,8.6,,4.4,,10.2,,21,,1012,,1.7,,1.4,,180,,34,,7.6,,21.7,,22.2,,21.4
7/30/2011,211,22.2,,27.8,,16.7,,73,,95,,41,,16.4,,20.9,,12.1,,0,,24.4,,55.6,,165.7,,1013,,1.1,,0.7,,319,,48,,7.9,,22.3,,23.9,,21.1
7/31/2011,212,21.8,,29.1,,16,,70,,90,,36,,15.5,,19.7,,12.1,,0,,23.4,,48.8,,157,,1017,,0.8,,0.3,,327,,65,,7.4,,22.4,,23.7,,21
8/1/2011,213,21.4,,28.7,,17.5,,82,,94,,50,,18,,21.3,,16,,6.3,,14.4,,32.9,,75,,1011,,0.7,,0.3,,246,,54,,6.4,,22.3,,23,,21.5
8/2/2011,214,20.6,,28.3,,15.1,,72,,94,,37,,15,,19.1,,11.4,,0.3,,20.7,,44.8,,124.8,,1007,,0.9,,0.3,,300,,66,,6,,22,,23.3,,20.7
8/3/2011,215,19.4,,25.9,,12.8,,72,,92,,40,,13.9,,18,,10.4,,0,,21.5,,47.3,,131.8,,1008,,0.8,,0.1,,73,,73,,4.5,,21.8,,23,,20.5
8/4/2011,216,20.3,,26.9,,15.3,,77,,94,,45,,15.7,,18.4,,13.3,,0,,17.2,,35.9,,104.1,,1013,,1.1,,0.8,,74,,41,,5.2,,21.9,,22.8,,20.9
8/5/2011,217,20.9,,26.4,,16.4,,79,,90,,55,,16.9,,20,,14.6,,0,,17.4,,36.1,,120,,1018,,1.2,,0.6,,179,,54,,5.4,,22,,23.1,,21.1
8/6/2011,218,21.8,,26.6,,18.9,,84,,93,,63,,18.8,,21.1,,17.7,,2.3,,13.4,,29.6,,81.9,,1016,,1.5,,1.2,,203,,35,,6.7,,22.4,,23.1,,21.6
8/7/2011,219,22.6,,29.3,,17.9,,86,,95,,54,,19.9,,23.1,,16.8,,11.4,,14.6,,32.1,,94.4,,1005,,1.2,,0.6,,202,,56,,9.2,,22.6,,23.9,,21.4
8/8/2011,220,22.5,,28.7,,18.4,,79,,95,,50,,18.4,,21.9,,15.1,,5.3,,21.3,,46.7,,145.5,,1003,,1,,0.6,,345,,49,,6.8,,23.4,,24.8,,22.2
8/9/2011,221,20.3,,25.6,,15.5,,82,,94,,61,,17.1,,20.2,,14.4,,18,,13.1,,28.5,,64.1,,1004,,1.7,,1.3,,114,,37,,7.1,,22.7,,23.5,,21.9
8/10/2011,222,20.3,,26.8,,16.7,,82,,95,,47,,16.9,,19.3,,14,,0.3,,19.5,,42.2,,124.8,,1003,,1.1,,0.1,,27,,73,,6,,22.6,,23.9,,21.6
8/11/2011,223,18.3,,23.8,,13.4,,66,,93,,34,,11.2,,15.2,,6.7,,0,,22,,45.1,,126,,1009,,1.1,,0.6,,270,,52,,8.3,,22.4,,23.2,,21.4
8/12/2011,224,18,,25.2,,11.8,,72,,93,,42,,12.5,,16.5,,10.6,,0,,20.8,,41.7,,119.3,,1015,,0.9,,0.3,,330,,59,,6.7,,21.5,,22.5,,20.5
8/13/2011,225,20.3,,26,,13.6,,70,,94,,40,,14.2,,18,,10.4,,0,,19.9,,42.7,,114.6,,1017,,0.9,,0.4,,196,,58,,4.9,,21.5,,22.5,,20.4
8/14/2011,226,18,,20.3,,16.1,,89,,94,,74,,16.1,,18.1,,14.6,,2.8,,4.6,,10.5,,4.2,,1013,,1.4,,1,,136,,41,,6.6,,21.3,,21.8,,20.9
8/15/2011,227,16.7,,18.9,,13.9,,93,,94,,91,,15.6,,17.8,,12.9,,45.7,,2.9,,7.2,,0.5,,1008,,1.9,,1.5,,75,,35,,8.8,,20.3,,20.9,,19.9
8/16/2011,228,15.9,,20.5,,13.3,,89,,95,,70,,14.1,,16.4,,12.5,,1.5,,10.7,,22.4,,44.8,,1011,,0.9,,0.7,,330,,39,,6.7,,20,,20.6,,19.5
8/17/2011,229,19.6,,27.4,,13.8,,74,,96,,37,,14.2,,18,,10.5,,0.3,,23.5,,50.3,,145.9,,1018,,0.9,,0.2,,319,,68,,5.5,,20.4,,21.8,,19.2
8/18/2011,230,21.5,,26.7,,16.8,,77,,93,,51,,17.1,,19.8,,14.6,,0,,20.2,,43,,124.6,,1016,,1.2,,0.9,,204,,36,,6.8,,21.2,,22.2,,20.2
8/19/2011,231,21.6,,27.9,,17.9,,80,,95,,49,,17.7,,20.7,,15.5,,0,,19.2,,41.6,,123.9,,1014,,1.1,,0.8,,197,,34,,6.1,,21.9,,23,,20.9
8/20/2011,232,21.3,,27.9,,16.4,,76,,94,,44,,16.4,,19.4,,14,,0,,21.7,,47.8,,136.9,,1015,,0.7,,0.2,,198,,61,,4.4,,22.2,,23.4,,21.2
8/21/2011,233,20.7,,27,,16.8,,86,,94,,58,,18.2,,21.2,,15.6,,18.8,,13.6,,29.8,,70.9,,1012,,1.6,,1.3,,190,,35,,9.9,,22.1,,22.6,,21.3
8/22/2011,234,17.8,,22.5,,12,,73,,94,,42,,12.4,,19,,8.5,,4.6,,22.9,,48.8,,137.1,,1008,,1.2,,0.9,,269,,41,,8.9,,22,,22.9,,21.3
8/23/2011,235,15.8,,23,,9.3,,74,,94,,40,,10.5,,14.1,,7.9,,0,,21.1,,44.7,,122.3,,1015,,0.9,,0.2,,301,,67,,5.9,,21.3,,22.1,,20.4
8/24/2011,236,18.9,,24.3,,13.1,,71,,94,,43,,13,,16.4,,10.1,,0,,20.6,,44.7,,117.6,,1017,,1.9,,1.6,,186,,32,,9.2,,21.1,,22,,20.2
8/25/2011,237,20.2,,22.3,,17.8,,91,,94,,83,,18.6,,20.3,,16.2,,20.3,,4.8,,10.8,,16.7,,1012,,2.1,,1.8,,198,,32,,10.1,,21.1,,21.4,,20.8
8/26/2011,238,20.8,,28.1,,15.9,,81,,95,,47,,17.1,,21,,14.5,,0.3,,20,,43.9,,127.3,,1015,,0.7,,0.2,,287,,63,,4.8,,21.5,,22.5,,20.6
8/27/2011,239,20.2,,25.8,,16.5,,89,,95,,57,,18.1,,20.3,,15.7,,21.6,,10,,21.9,,57.8,,1012,,1.2,,0.6,,97,,53,,5.8,,21.7,,22.4,,21.1
8/28/2011,240,19.1,,21.6,,14.2,,90,,95,,75,,17.4,,20.6,,10.1,,111,,1.4,,3.5,,-9.5,,992,,3.8,,1.4,,136,,64,,16.4,,21.3,,21.9,,20.9
8/29/2011,241,16.2,,23,,10.6,,72,,93,,36,,10.6,,14.4,,6.5,,0,,22.7,,47.7,,127.3,,1011,,1.2,,0.6,,268,,54,,8.4,,20.8,,21.7,,19.9
8/30/2011,242,17.6,,25.9,,10.9,,72,,94,,33,,11.6,,16.5,,6.4,,0.3,,21.3,,45.7,,119.7,,1019,,0.8,,0.3,,2,,62,,4.6,,20.7,,21.6,,19.8
8/31/2011,243,19.4,,27,,13,,76,,94,,42,,14.6,,19.1,,11.1,,0,,19.4,,42.5,,114.4,,1022,,0.9,,0.4,,32,,54,,5,,20.9,,21.9,,19.9
9/1/2011,244,18.9,,24.6,,15.5,,73,,92,,53,,13.8,,17,,9.8,,0,,15.9,,35.4,,98.9,,1022,,1.7,,1.3,,104,,40,,6.1,,21.3,,21.9,,20.6
9/2/2011,245,18.1,,24.7,,13.8,,71,,87,,48,,12.6,,16,,9.6,,0,,19.8,,44.7,,124.7,,1019,,1.2,,0.8,,117,,45,,5.1,,21.3,,22.2,,20.5
9/3/2011,246,20.5,,27.3,,14.8,,82,,94,,61,,17.2,,21.4,,13.1,,0,,17.4,,40,,113.3,,1014,,1.2,,0.9,,212,,35,,6.5,,21.5,,22.5,,20.5
9/4/2011,247,21.6,,26.2,,18.6,,89,,95,,75,,19.7,,22.6,,17.6,,0,,8.5,,19.1,,56,,1011,,1.4,,1.2,,198,,33,,7,,21.8,,22.4,,21.3
9/5/2011,248,21.2,,25.5,,17.2,,83,,92,,67,,18.1,,20.5,,14.6,,0,,9.8,,22.2,,62.5,,1009,,1.8,,1.3,,196,,41,,9.3,,22,,22.5,,21.6
9/6/2011,249,15,,17.9,,12.6,,90,,94,,74,,13.3,,14.9,,11.5,,26.9,,6.7,,14.9,,23.3,,1017,,1,,0.7,,51,,41,,8.7,,21,,22,,20.5
9/7/2011,250,13.5,,15.1,,12.4,,94,,94,,92,,12.5,,13.9,,11.5,,44.2,,4.3,,9.7,,11.7,,1021,,2.2,,1.9,,78,,31,,9.6,,19.3,,20.6,,18.8
9/8/2011,251,15.9,,21.8,,12.4,,91,,95,,75,,14.4,,18.4,,11.5,,29.2,,9.2,,19.5,,59.7,,1017,,1.1,,0.8,,71,,43,,7.8,,18.8,,19.4,,18
9/9/2011,252,18.7,,25.6,,14.5,,75,,95,,38,,13.7,,16.8,,8.9,,0,,18.5,,38.1,,111.7,,1009,,1,,0.6,,346,,48,,6.4,,19.7,,20.6,,19
9/10/2011,253,16.8,,23,,11.4,,76,,93,,31,,12.1,,16,,4,,0,,15.4,,32.2,,72.4,,1014,,1,,0.5,,42,,52,,5.5,,19.7,,20.2,,19
9/11/2011,254,14.9,,19.9,,10.3,,76,,91,,48,,10.5,,13.9,,6.7,,0,,13,,27,,69.9,,1018,,1.1,,0.7,,166,,46,,5.8,,19.2,,19.7,,18.6
9/12/2011,255,18.5,,24.8,,13.8,,81,,94,,53,,14.9,,17.9,,12.1,,0,,18.1,,38.1,,111.3,,1015,,1.1,,0.6,,231,,54,,5.4,,19.5,,20.5,,18.8
9/13/2011,256,20.5,,26.3,,16.5,,79,,95,,51,,16.5,,18.7,,15.2,,0,,18.3,,37.9,,103.3,,1011,,1.5,,1.3,,204,,32,,7.6,,20.1,,21,,19.4
9/14/2011,257,20.1,,25.5,,17,,83,,93,,60,,17.1,,20.1,,15.1,,0,,12.8,,26.4,,64.5,,1013,,1,,0.4,,215,,61,,5.9,,20.4,,21,,19.8
9/15/2011,258,15,,21.6,,5.6,,91,,95,,74,,13.5,,19.9,,4.3,,5.1,,3.9,,8.3,,7.3,,1013,,1.2,,0.4,,269,,62,,9.5,,20.2,,20.6,,19.4
9/16/2011,259,8.7,,15.9,,4,,70,,93,,34,,3,,6,,-1.1,,0.3,,20.6,,40.7,,93.2,,1021,,1.2,,0.7,,305,,52,,9.8,,18.4,,19.4,,17.8
9/17/2011,260,9.9,,17,,4.2,,69,,90,,34,,4,,8.7,,-0.1,,0,,17.1,,34,,85.2,,1029,,0.9,,0.5,,69,,54,,5,,17.4,,18,,16.6
9/18/2011,261,11,,17.2,,6.4,,71,,93,,39,,5.3,,8,,2.1,,0,,17.9,,36.3,,90.5,,1028,,1.4,,1.2,,69,,30,,8.2,,17.4,,18.1,,16.8
9/19/2011,262,11.4,,18.3,,5.3,,73,,93,,36,,6.1,,9.6,,2,,0,,19.2,,39.4,,91.4,,1022,,1.2,,0.7,,112,,50,,5.6,,16.9,,17.6,,16
9/20/2011,263,13.5,,16.3,,10.2,,93,,95,,87,,12.4,,14.9,,8.7,,5.8,,2.7,,5.8,,0.8,,1018,,1.2,,0.9,,214,,34,,8.3,,16.8,,17.1,,16.5
9/21/2011,264,17.4,,23.2,,12.9,,84,,96,,55,,14.4,,16.8,,12.2,,0.5,,15.5,,31.8,,96.3,,1023,,1,,0.8,,192,,36,,6,,17.5,,18.5,,16.8
9/22/2011,265,19.3,,23.2,,16.7,,93,,95,,80,,18.1,,20.3,,15.5,,19,,6.2,,12.9,,25.5,,1019,,1,,0.8,,172,,37,,4.9,,18.6,,19.3,,18
9/23/2011,266,19.6,,22,,17.9,,92,,95,,79,,18.3,,19.1,,17.2,,52.1,,5.6,,11.3,,25.9,,1018,,1.2,,0.8,,115,,45,,7.1,,19.3,,19.9,,19
9/24/2011,267,20.6,,24.6,,17.7,,92,,95,,74,,19.2,,21.2,,16.9,,1.5,,7,,14.2,,27.5,,1016,,0.9,,0.6,,184,,43,,6.6,,19.7,,20.3,,19.3
9/25/2011,268,19.9,,26.3,,17.1,,88,,95,,57,,17.6,,20.4,,16.3,,0,,9.2,,18.5,,47.2,,1018,,0.6,,0.3,,17,,52,,3.1,,20,,20.5,,19.5
9/26/2011,269,20.2,,27.7,,15.3,,82,,96,,44,,16.6,,19.4,,13.7,,0,,15.8,,32.3,,87,,1016,,0.7,,0.1,,35,,69,,3.6,,20,,20.7,,19.4
9/27/2011,270,19.9,,26.1,,15.8,,82,,95,,56,,16.5,,20.2,,14.1,,0.3,,12.8,,26.6,,73.5,,1016,,1.2,,1,,86,,35,,6.2,,20,,20.6,,19.5
9/28/2011,271,17.9,,22.8,,14.9,,80,,94,,51,,14.1,,16.5,,11.5,,3,,14.9,,31.1,,92.3,,1017,,2.2,,1.9,,98,,31,,9.1,,20.1,,20.6,,19.7
9/29/2011,272,16.4,,20.2,,13.1,,94,,95,,89,,15.4,,18.9,,12.3,,20.6,,3.1,,6.6,,-0.3,,1006,,1.7,,0.7,,128,,61,,9.7,,19.4,,20,,19.2
9/30/2011,273,16,,22.6,,10.9,,82,,95,,53,,12.8,,15.5,,10.2,,5.6,,13.7,,27.1,,67.3,,1005,,1.6,,1.1,,188,,44,,8.5,,18.9,,19.4,,18.3
10/1/2011,274,12.2,,16.9,,6.7,,94,,95,,91,,11.3,,15.7,,5.9,,10.2,,2.6,,5.3,,0.9,,1005,,1.2,,0.7,,343,,53,,8.2,,18.6,,19.1,,18
10/2/2011,275,12.4,,15.1,,7.3,,94,,96,,87,,11.4,,13.4,,6.6,,0.3,,4.1,,8.2,,18.7,,1008,,1.6,,1.3,,77,,32,,10.4,,17.7,,18,,17.4
10/3/2011,276,11.4,,15.3,,9.3,,86,,96,,51,,9,,11.2,,4.3,,1.8,,7.5,,14.3,,30.6,,1015,,1.1,,0.4,,122,,62,,5.7,,17.4,,17.7,,17.1
10/4/2011,277,11,,13,,9.6,,94,,95,,86,,10,,11.2,,8.8,,18,,4.3,,8.3,,10.6,,1014,,1,,0.6,,335,,47,,7,,16.8,,17.2,,16.6
10/5/2011,278,10.4,,17.6,,2.3,,72,,95,,33,,4.9,,11,,-2.2,,0,,12.7,,24.1,,36.9,,1017,,1.4,,0.9,,316,,46,,11.7,,16.4,,16.9,,15.9
10/6/2011,279,7.4,,15.2,,1.3,,57,,89,,20,,-1.7,,2.3,,-8.3,,0,,16.1,,31.2,,55.4,,1023,,1.2,,0.6,,343,,57,,11.2,,15.1,,15.9,,14.4
10/7/2011,280,9,,17.6,,1.5,,61,,83,,23,,0.9,,6.3,,-4.8,,0,,15.5,,30.8,,64.1,,1027,,0.8,,0.2,,319,,62,,5.8,,14.6,,15.3,,13.9
10/8/2011,281,15.1,,25.2,,7.3,,70,,89,,32,,8.9,,14.1,,4.6,,0,,15.4,,29.9,,66.8,,1027,,0.6,,0.3,,295,,52,,4,,15,,16,,14.1
10/9/2011,282,18.4,,27.7,,12,,67,,87,,31,,11.5,,15.3,,8.7,,0,,16.1,,30.6,,65,,1026,,0.7,,0.3,,298,,54,,5.4,,15.7,,16.7,,14.8
10/10/2011,283,18.8,,26.5,,13.1,,68,,84,,43,,12.4,,15.8,,10,,0,,15.4,,29.7,,61.8,,1021,,0.8,,0.4,,315,,56,,5.6,,16.2,,17.1,,15.3
10/11/2011,284,14.4,,20.7,,9.5,,65,,89,,31,,7,,11.1,,1.7,,0,,14.4,,28.1,,52.5,,1022,,1.1,,0.9,,85,,37,,5.3,,16.3,,16.8,,15.7
10/12/2011,285,11,,14,,8.8,,80,,94,,57,,7.6,,10.6,,4.7,,0.8,,10.1,,20,,42.5,,1020,,1.8,,1.6,,82,,29,,7.1,,15.9,,16.2,,15.5
10/13/2011,286,13.1,,16,,11.3,,93,,95,,84,,12,,13.6,,10.4,,6.1,,6,,12.4,,26.5,,1010,,2,,1.8,,72,,29,,11.4,,15.9,,16.4,,15.5
10/14/2011,287,15.1,,18.7,,11.2,,94,,95,,88,,14.1,,17.7,,10.2,,39.4,,2.1,,4.4,,-5.3,,999,,2.6,,1.5,,119,,52,,9.9,,16.2,,16.5,,16
10/15/2011,288,11,,14.8,,8.2,,72,,94,,47,,5.8,,10.4,,1.4,,1.8,,9.4,,17.5,,17.9,,999,,2.8,,2.4,,225,,31,,16.8,,15.9,,16.4,,15.4
10/16/2011,289,11.8,,15.7,,8.1,,56,,77,,38,,3.1,,7.7,,0.3,,0.5,,11.5,,21.5,,37.5,,1004,,2.5,,2,,242,,35,,11.8,,15,,15.4,,14.6
10/17/2011,290,11.4,,15.8,,6.1,,59,,90,,32,,3.1,,8.5,,-2.4,,0.3,,13.7,,25.7,,39.4,,1004,,1.9,,1.5,,239,,34,,10.9,,14.8,,15.2,,14.5
10/18/2011,291,10.1,,15.8,,6.5,,62,,83,,37,,2.8,,6.4,,-0.3,,0,,6.6,,12.7,,14.9,,1008,,1.3,,0.5,,251,,64,,6.4,,14.2,,14.6,,13.8
10/19/2011,292,10.4,,12.6,,7.6,,86,,94,,63,,8.1,,10.2,,3.3,,19.6,,2.1,,4.6,,-0.2,,1008,,3.4,,3.1,,74,,25,,14.3,,13.9,,14.2,,13.8
10/20/2011,293,12.7,,19.7,,9.3,,80,,95,,51,,8.9,,15.3,,4.2,,3,,8.4,,16.4,,28.6,,998,,3.8,,1.7,,127,,60,,14.2,,14.1,,14.7,,13.7
10/21/2011,294,9.9,,14.9,,7.1,,70,,85,,48,,4.6,,6.4,,3.1,,0,,8.1,,15.6,,22,,1008,,1.6,,1.3,,232,,33,,10,,13.9,,14.3,,13.5
10/22/2011,295,8.2,,12,,4.2,,77,,91,,56,,4.2,,5.8,,2.6,,0,,6.1,,11.7,,19.5,,1015,,0.9,,0.7,,274,,35,,7.3,,13.7,,14,,13.5
10/23/2011,296,5.4,,10.7,,1.9,,79,,95,,49,,1.8,,4.7,,-0.1,,0,,7.2,,13.4,,11.4,,1017,,0.7,,0.3,,5,,61,,4.1,,12.8,,13.5,,12.4
10/24/2011,297,8,,12.9,,2.1,,81,,95,,61,,4.8,,8.4,,0.8,,4.6,,6.5,,12.1,,16.7,,1015,,1.3,,0.9,,196,,45,,7.4,,12.3,,12.8,,11.8
10/25/2011,298,7.3,,12.4,,2.1,,73,,95,,39,,2.3,,7.8,,-1.7,,0.3,,12.5,,23.8,,27.7,,1013,,1.5,,1.2,,274,,37,,12,,12.3,,12.7,,11.9
10/26/2011,299,5,,6.3,,1.7,,89,,94,,78,,3.3,,5,,-0.9,,1.3,,1.9,,3.8,,-2.8,,1010,,0.5,,0.2,,86,,49,,2.5,,11.6,,12.1,,11.4
10/27/2011,300,2.1,,5.6,,-1.6,,94,,96,,92,,1.2,,4.7,,-2.2,,25.9,,1,,2.2,,1.7,,1005,,0.8,Q,0.6,Q,39,Q,36,Q,6.1,Q,11.2,,11.7,,10.6
10/28/2011,301,0.2,,5.8,,-4,,84,,96,,53,,-2.3,,0.2,,-4.8,,0,,11.2,,19.9,,13.8,,1019,,0.5,Q,0.3,Q,318,Q,40,Q,6.5,Q,10.2,,10.6,,9.7
10/29/2011,302,-0.6,,1.5,,-2.1,,88,,96,,64,,-2.5,,-0.8,,-5.2,,26.2,,1.7,,3.3,,-5.9,,1015,,1.5,,1.1,,42,,42,,10.4,,9.4,,9.8,,9.2
10/30/2011,303,0.1,,5.4,,-2,,87,,96,,49,,-2,,0.9,,-5.1,,17,,7,,11.2,,-22.6,,1015,,1.6,,1.1,,322,,41,,9.4,,8.9,,9.2,,8.6
10/31/2011,304,1.9,,9.6,,-3.4,,77,,94,,39,,-2.2,,0.9,,-5.3,,0,,9.2,,18,,-10.9,,1024,,0.9,,0.3,,118,,64,,5.3,,8.4,,8.6,,8.2
11/1/2011,305,3,,10.4,,-1,,78,,95,,47,,-0.9,,0.7,,-1.9,,0,,10.3,,20.3,,-14.6,,1024,,1.4,,1.3,,75,,27,,6.1,,8,,8.2,,7.8
11/2/2011,306,4.1,,12.3,,-1.7,,74,,96,,42,,-0.6,,1.7,,-2.3,,0,,11.1,,22.6,,-9.5,,1025,,0.8,,0.2,,141,,68,,4,,7.7,,7.8,,7.4
11/3/2011,307,6.1,,11.4,,2.3,,79,,94,,59,,2.6,,4.1,,0.2,,0,,7.8,,15.5,,-7,,1014,,0.9,,0.7,,203,,38,,5,,7.3,,7.5,,7.1
11/4/2011,308,3.8,,8.8,,-0.9,,63,,94,,33,,-3,,4,,-7.9,,0,,9.1,,17.5,,3.5,,1016,,1.4,,1,,342,,42,,11.1,,7,,7.2,,6.8
11/5/2011,309,1.7,,9.4,,-2.3,,61,,78,,29,,-5.7,,-2.8,,-9.1,,0,,11,,22.2,,-2.9,,1026,,1,,0.6,,352,,51,,6.5,,6.5,,6.8,,6.3
11/6/2011,310,4.3,,11.3,,-2.1,,62,,90,,31,,-3.2,,1.2,,-7.9,,0,,10.9,,21.8,,3.3,,1027,,1.3,,1.1,,225,,35,,6.9,,6,,6.3,,5.8
11/7/2011,311,8.2,,15.9,,1.7,,68,,94,,35,,2,,4.1,,-0.7,,0,,10.5,,20.8,,17.5,,1022,,1.1,,0.9,,248,,34,,4.8,,6.3,,7.1,,5.8
11/8/2011,312,11.3,,18.7,,4.9,,76,,92,,52,,6.9,,10.1,,3,,0,,8,,16.5,,22.6,,1022,,0.7,,0.1,,259,,66,,3.9,,7.5,,8.4,,6.9
11/9/2011,313,12.8,,18.9,,7.2,,73,,94,,45,,7.7,,10.9,,1.5,,0,,9.8,,20,,21.1,,1019,,1.6,,1.2,,180,,40,,7.8,,8.6,,9.4,,8.1
11/10/2011,314,12.6,,16.3,,7.1,,91,,95,,74,,11.1,,13.4,,5.9,,23.4,,2.8,,6,,7.4,,1008,,1.5,,0.5,,160,,64,,8.4,,9.8,,10.5,,9.1
11/11/2011,315,3.7,,7.3,,0.8,,73,,93,,54,,-0.7,,6.1,,-4.7,,0,,5.8,,11,,-4.6,,1000,,2.6,,2.3,,277,,31,,11.7,,9.8,,10.5,,9.1
11/12/2011,316,4.3,,8.9,,-0.7,,60,,83,,40,,-3.1,,-0.8,,-4.9,,0,,9.3,,18,,2.3,,1013,,2.3,,2,,226,,32,,13.8,,8.5,,9.1,,8.1
11/13/2011,317,9.2,,14.7,,4.6,,60,,73,,42,,1.7,,5,,-2,,0,,7.2,,14.1,,5.7,,1015,,2.2,,1.9,,191,,29,,9.9,,8.2,,8.7,,7.8
11/14/2011,318,12.2,,14.9,,9,,61,,81,,48,,4.8,,10.4,,1.6,,0,,6.4,,12.7,,20.3,,1009,,2.7,,2.3,,201,,28,,9.9,,9,,9.6,,8.6
11/15/2011,319,12.1,,15.4,,8.5,,78,,91,,59,,8.3,,12,,2.3,,1.3,,2.6,,5.4,,-11,,1008,,1.5,,1.2,,250,,35,,7.8,,9.9,,10.3,,9.5
11/16/2011,320,9.9,,12.9,,5.8,,87,,96,,67,,7.8,,10.1,,2.8,,5.3,,3.5,,6.9,,7.2,,1010,,1.1,,0.4,,174,,60,,6,,10,,10.3,,9.6
11/17/2011,321,4.1,,9.5,,-0.6,,76,,96,,55,,0,,8.9,,-6.2,,0,,1.8,,3.5,,-13.8,,1007,,1.8,,1.5,,289,,30,,9.1,,9.9,,10.3,,9.2
11/18/2011,322,0.1,,4.4,,-2.4,,66,,82,,41,,-5.8,,-4,,-8.4,,0,,8.6,,15.5,,1.2,,1020,,1.9,,1.7,,267,,30,,11.2,,8.4,,9.2,,7.9
11/19/2011,323,3.9,,8.7,,-0.5,,52,,73,,33,,-5.2,,1.4,,-7.6,,0,,8.5,,16.3,,-1.4,,1023,,3,,2.6,,204,,27,,11,,7.4,,7.9,,7.1
11/20/2011,324,10.3,,15.5,,5.7,,65,,79,,48,,4,,6.5,,1.2,,0,,7.7,,15,,17.8,,1016,,2.6,,2.2,,232,,34,,10.4,,7.9,,8.6,,7.5
11/21/2011,325,4.5,,10.9,,-2,,64,,91,,37,,-2.2,,3.2,,-6.6,,0,,8.7,,16.8,,4.8,,1022,,1.4,,0.7,,345,,57,,7.2,,8.5,,8.7,,8.1
11/22/2011,326,2,,6.2,,-2.7,,81,,94,,63,,-1.1,,0.9,,-3.8,,4.1,,4.9,,9.5,,7.8,,1024,,1.1,,0.5,,96,,56,,5.5,,7.6,,8.1,,7.2
11/23/2011,327,0.6,,2,,-0.7,,93,,95,,87,,-0.4,,1,,-2.3,,35.3,,1,,2.2,,-13.6,,1007,,2.2,,1.5,,48,,44,,15.8,,6.6,,7.8,,6.2
11/24/2011,328,0.9,,5.5,,-2,,83,,94,,61,,-1.7,,0.5,,-3.7,,0,,7.8,,15.5,,6.2,,1015,,1.3,,1,,298,,36,,6.9,,6.4,,6.7,,6.1
11/25/2011,329,6.8,,13.7,,0.1,,70,,93,,49,,1.3,,4.4,,-1.3,,0,,8.3,,16.4,,1.7,,1016,,1.3,,1.1,,246,,31,,6.2,,6.3,,6.8,,5.8
11/26/2011,330,9.1,,14.9,,3.3,,59,,83,,40,,1.3,,4.1,,-0.3,,0,,6.9,,13.9,,5.2,,1019,,0.9,,0.6,,241,,45,,5.6,,6.7,,7.2,,6.2
11/27/2011,331,7.7,,12.4,,1,,77,,90,,49,,3.8,,8.9,,-0.6,,0,,6.2,,12.3,,-5.2,,1018,,1.7,,0.8,,146,,59,,8.8,,7,,7.4,,6.6
11/28/2011,332,12.3,,15.2,,10.1,,82,,91,,67,,9.2,,10.1,,8.2,,0,,3.7,,7.3,,-7.5,,1016,,2.4,,2.1,,215,,27,,11.7,,7.9,,8.4,,7.4
11/29/2011,333,14,,17.1,,10.2,,86,,94,,69,,11.6,,13.8,,8.3,,20.3,,2.7,,5.2,,0.4,,1013,,2.5,,2.1,,143,,31,,11.9,,8.8,,9.7,,8.3
11/30/2011,334,7.7,,15.2,,2.4,,76,,94,,54,,3.7,,14.1,,-2.9,,11.2,,3.7,,7.1,,-0.9,,1003,,2.7,,2.2,,220,,36,,12.5,,9.9,,10.3,,9.3
12/1/2011,335,2.1,,7,,-1.7,,56,,82,,27,,-6.5,,-2.1,,-11.5,,0,,8.4,,16.5,,-4.9,,1017,,1.6,,1.2,,317,,38,,9.3,,8.5,,9.3,,7.8
12/2/2011,336,1.3,,6.5,,-3.2,,68,,87,,44,,-4.2,,-1.3,,-6.6,,0,,6.8,,13.4,,-0.8,,1023,,1.2,,0.5,,225,,61,,8.5,,7.1,,7.8,,6.7
12/3/2011,337,0.3,,6.2,,-3,,71,,91,,40,,-4.7,,-2,,-6.9,,0,,8.1,,16.1,,-9.9,,1032,,1,,0.1,,92,,72,,3.9,,6.4,,7,,6
12/4/2011,338,4.4,,8.8,,-0.2,,80,,91,,62,,1.1,,5.2,,-2.3,,0,,7.1,,14.3,,1.3,,1028,,2.5,,2.2,,206,,27,,11.6,,6.1,,6.5,,5.7
12/5/2011,339,8.8,,13.6,,5.4,,87,,94,,65,,6.7,,8.4,,4.5,,0,,4.6,,9.4,,-6.5,,1024,,2.2,,1.9,,215,,29,,8.9,,6.9,,7.4,,6.4
12/6/2011,340,11.7,,13.1,,9.1,,94,,95,,93,,10.9,,12.2,,8.1,,5.3,,1.4,,3,,4.6,,1014,,2.3,,2,,208,,27,,9.9,,8.1,,8.8,,7.4
12/7/2011,341,8.3,,12.4,,4.5,,95,,96,,94,,7.6,,11.7,,3.8,,46.2,,0.6,,1.4,,-0.9,,1006,,1.6,,0.9,,70,,53,,7.1,,9,,9.1,,8.6
12/8/2011,342,-0.1,,4.7,,-2.9,,89,,97,,73,,-1.7,,4,,-4.3,,20.6,,4.8,,9.8,,-39.7,,1010,,1.7,Q,1.3,Q,276,Q,31,Q,11.9,Q,7.7,,8.6,,7.3
12/9/2011,343,1,,4.8,,-2.6,,79,,93,,44,,-2.5,,0.8,,-6.9,,0,,5.6,,11.5,,-15,,1020,,1.3,,1.1,,212,,35,,9.7,,6.9,,7.3,,6.6
12/10/2011,344,-0.8,,3.4,,-6,,73,,93,,38,,-5.3,,-0.2,,-11.1,,0,,5.7,,11.2,,-15.7,,1020,,1.1,,0.9,,283,,34,,7.8,,6.2,,6.6,,5.7
12/11/2011,345,-3.5,,1.1,,-7.9,,61,,79,,42,,-10.2,,-7.9,,-12.4,,0,,7.6,,15.6,,-12.2,,1031,,1,,0.6,,228,,46,,5.4,,4.8,,5.7,,4.4
12/12/2011,346,-0.3,,6.3,,-4.5,,54,,77,,26,,-8.9,,-6.2,,-12.2,,0,,7.6,,15.4,,-11.4,,1028,,1,,0.8,,206,,35,,4.8,,4.1,,4.4,,3.8
12/13/2011,347,0.5,,6.9,,-4.6,,59,,80,,32,,-7,,-2.8,,-10.2,,0,,7.7,,15.4,,-4.3,,1024,,0.9,,0.6,,336,,40,,5.4,,3.7,,4.1,,3.4
12/14/2011,348,1.7,,4.4,,-0.3,,78,,87,,67,,-1.8,,-0.2,,-3.2,,0,,3.6,,7,,3.7,,1024,,1.1,,0.8,,96,,44,,6.7,,4,,4.4,,3.6
12/15/2011,349,5.6,,8.5,,1,,86,,93,,79,,3.5,,7.4,,-1.9,,3.3,,1.1,,2.2,,-8.3,,1012,,3.4,,3,,191,,28,,12.9,,4.6,,5.3,,4.3
12/16/2011,350,3.6,,8.8,,-0.8,,76,,94,,55,,-0.3,,7.9,,-3.5,,2.3,,5.1,,10,,-2.1,,1010,,2.5,,2.1,,266,,33,,13.3,,5.6,,5.7,,5.3
12/17/2011,351,-2.2,,0.2,,-8.4,,70,,91,,46,,-7.2,,-2.4,,-16.2,,0,,2.2,,4.4,,-18.1,,1015,,1.1,,0.8,,321,,41,,7.6,,4.8,,5.3,,4.4
12/18/2011,352,-9.4,,-4.9,,-12.5,,56,,76,,22,,-17,,-13.5,,-23.9,,0,,7.7,,15.4,,-20.9,,1019,,1.3,,1,,336,,39,,5.6,,3.6,,4.4,,3
12/19/2011,353,-2.5,,3.5,,-11.9,,61,,79,,46,,-9.1,,-2.3,,-18.2,,0,,6.1,,13.1,,2.8,,1013,,2.6,,2.1,,220,,33,,11.9,,2.6,,3,,2.3
12/20/2011,354,0.3,,3.7,,-4.6,,62,,87,,38,,-6.3,,0.4,,-10,,0,,7.3,,14.6,,-3.2,,1014,,1.4,,0.6,,308,,61,,6.8,,2.5,,2.7,,2.3
12/21/2011,355,4.9,,10.4,,-1.7,,81,,96,,53,,1.7,,9.8,,-9.5,,5.6,,0.9,,2,,6.7,,1010,,2.1,,1.7,,191,,35,,11.6,,3,,4,,2.6
12/22/2011,356,6.7,,9.9,,3.5,,80,,96,,57,,3.3,,9.2,,0.6,,0.8,,4.6,,9.1,,8.3,,1012,,2,,1.5,,271,,39,,11,,4.7,,5.1,,3.9
12/23/2011,357,1.5,,4.2,,-2.6,,86,,95,,60,,-0.6,,3.4,,-7,,21.1,E,2.5,,5.3,,-7.2,,1012,,1.3,,0.5,,324,,61,,7.9,,4.9,,5.1,,4.6
12/24/2011,358,-6,,-2.4,,-10.1,,61,,76,,32,,-12.6,,-6.4,,-18.1,,0,E,7.6,,15.2,,-14.4,,1023,,1.4,,0.9,,348,,46,,7.2,,4,,4.7,,3.4
12/25/2011,359,-3.4,,2.3,,-10.3,,68,,77,,52,,-8.4,,-2,,-17.7,,0,E,3.6,,7.2,,-1.7,,1017,,2.3,,1.4,,184,,50,,12.2,,2.8,,3.4,,2.5
12/26/2011,360,0,,3,,-3.6,,68,,89,,41,,-5.5,,-1.2,,-10.6,,0,E,5.7,,11.6,,-4.3,,1014,,1.4,,1.1,,296,,36,,9.5,,2.7,,3,,2.5
12/27/2011,361,2.6,,12.3,,-2.9,,81,,94,,65,,-0.4,,10.9,,-5.7,,17,E,3,,6.1,,-5.5,,1008,,3.1,,2.1,,179,,46,,18.2,,2.6,,3.2,,2.4
12/28/2011,362,1.4,,12.2,,-6.2,,74,,93,,56,,-2.8,,10.9,,-11.8,,1,E,3.9,,7.7,,-4.6,,994,,3.4,,2.9,,265,,32,,15.7,,4,,4.3,,3.2
12/29/2011,363,-6.7,,-2.7,,-10.5,,49,,68,,25,,-16,,-11.5,,-20.4,,0,E,7.2,,14.6,,-19.7,,1007,,2.3,,2.1,,271,,25,,12,,2.9,,3.7,,2.4
12/30/2011,364,-1.3,,4.3,,-6.7,,70,,83,,61,,-6.1,,-1.7,,-12.7,,0,E,2.6,,5.7,,4,,1014,,1.3,,0.9,,102,,43,,6.2,,2.1,,2.4,,2
12/31/2011,365,1,,3.6,,-0.9,,94,,96,,82,,0.1,,2.8,,-3.1,,1.5,E,1.5,,3.5,,4.1,,1009,,1.5,,0.7,,64,,58,,6.9,,2.3,,2.8,,2
